name,link,address,star_rating,guest_rating_score,reviews,distance_from_downtown,distance_from_beach,preferred_badge,deal_badge,room_type,bed_details,cancellation_policy,prepayment_policy,availability_message,stay_dates,nights_and_guests,original_price,discounted_price,taxes_and_fees,hotel_link
Nooit Gedacht Heritage Hotel (Original Dutch Governors House),,Unawatuna,3.0,8.5,8.5,350.0,450 m from beach,True,,Budget Double Room,1 double bed,,,Only 1 room left at this price on our site,Fri 13 Feb - Sat 14 Feb,"1 night, 1 adult",,"LKR 10,510","+LKR 3,058 taxes and charges",https://www.booking.com/hotel/lk/nooit-gedacht-ayurveda-heritage.en-gb.html?label=gen173nr-10CAEoggI46AdIM1gEaIUBiAEBmAEzuAEXyAEM2AED6AEB-AEBiAIBqAIBuAKR-pzLBsACAdICJDUzNDcxMzBmLTQyNDUtNDBjZC1hNTczLWZmOTRhODk0NDUyMdgCAeACAQ&aid=304142&ucfs=1&arphpl=1&checkin=2026-02-13&checkout=2026-02-14&dest_id=-2238370&dest_type=city&group_adults=1&req_adults=1&no_rooms=1&group_children=0&req_children=0&hpos=1&hapos=1&sr_order=popularity&srpvid=95dbe8d72501e41c2be6173636705471&srepoch=1768373553&all_sr_blocks=34241206_265093589_2_1_0&highlighted_blocks=34241206_265093589_2_1_0&matching_block_id=34241206_265093589_2_1_0&sr_pri_blocks=34241206_265093589_2_1_0__3400&from=searchresults
Miss Ceylon,,Unawatuna,4.0,9.3,9.3,3.0,2.6 km from beach,True,,Deluxe Loft,,,,,Fri 23 Jan - Sat 24 Jan,"1 night, 1 adult",,"LKR 70,144",Includes taxes and charges,https://www.booking.com/hotel/lk/miss-ceylon-unawatuna1.en-gb.html?label=gen173nr-10CAEoggI46AdIM1gEaIUBiAEBmAEzuAEXyAEM2AED6AEB-AEBiAIBqAIBuAKR-pzLBsACAdICJDUzNDcxMzBmLTQyNDUtNDBjZC1hNTczLWZmOTRhODk0NDUyMdgCAeACAQ&aid=304142&ucfs=1&arphpl=1&checkin=2026-01-23&checkout=2026-01-24&dest_id=-2238370&dest_type=city&group_adults=1&req_adults=1&no_rooms=1&group_children=0&req_children=0&hpos=2&hapos=2&sr_order=popularity&srpvid=95dbe8d72501e41c2be6173636705471&srepoch=1768373553&all_sr_blocks=0_0_1_1_0&highlighted_blocks=0_0_1_1_0&matching_block_id=0_0_1_1_0&sr_pri_blocks=0_0_1_1_0__22691&from=searchresults
Anara Villa,,Unawatuna,3.0,8.7,8.7,4.9,50 m from beach,True,,Standard Double Room with Fan,1 large double bed,,,Only 1 room left at this price on our site,Fri 30 Jan - Sat 31 Jan,"1 night, 1 adult","LKR 3,128","LKR 2,408",Includes taxes and charges,https://www.booking.com/hotel/lk/anara-villa.en-gb.html?label=gen173nr-10CAEoggI46AdIM1gEaIUBiAEBmAEzuAEXyAEM2AED6AEB-AEBiAIBqAIBuAKR-pzLBsACAdICJDUzNDcxMzBmLTQyNDUtNDBjZC1hNTczLWZmOTRhODk0NDUyMdgCAeACAQ&aid=304142&ucfs=1&arphpl=1&checkin=2026-01-30&checkout=2026-01-31&dest_id=-2238370&dest_type=city&group_adults=1&req_adults=1&no_rooms=1&group_children=0&req_children=0&hpos=3&hapos=3&sr_order=popularity&srpvid=95dbe8d72501e41c2be6173636705471&srepoch=1768373553&all_sr_blocks=107617201_195287779_1_2_0&highlighted_blocks=107617201_195287779_1_2_0&matching_block_id=107617201_195287779_1_2_0&sr_pri_blocks=107617201_195287779_1_2_0__779&from=searchresults
Nooit Gedacht Holiday Resort Unawatuna,,Unawatuna,4.0,8.7,8.7,200.0,550 m from beach,True,,Standard Double Room,1 extra-large double bed,,,Only 2 rooms left at this price on our site,Fri 23 Jan - Sat 24 Jan,"1 night, 1 adult",,"LKR 8,362",Includes taxes and charges,https://www.booking.com/hotel/lk/nooit-gedacht-holiday-resort.en-gb.html?label=gen173nr-10CAEoggI46AdIM1gEaIUBiAEBmAEzuAEXyAEM2AED6AEB-AEBiAIBqAIBuAKR-pzLBsACAdICJDUzNDcxMzBmLTQyNDUtNDBjZC1hNTczLWZmOTRhODk0NDUyMdgCAeACAQ&aid=304142&ucfs=1&arphpl=1&checkin=2026-01-23&checkout=2026-01-24&dest_id=-2238370&dest_type=city&group_adults=1&req_adults=1&no_rooms=1&group_children=0&req_children=0&hpos=4&hapos=4&sr_order=popularity&srpvid=95dbe8d72501e41c2be6173636705471&srepoch=1768373553&all_sr_blocks=67729801_351410215_1_0_0&highlighted_blocks=67729801_351410215_1_0_0&matching_block_id=67729801_351410215_1_0_0&sr_pri_blocks=67729801_351410215_1_0_0__2705&from=searchresults
Lara's place,,Unawatuna,4.0,9.5,9.5,0.9,350 m from beach,True,,Standard Double Room,1 double bed,,,Only 1 room left at this price on our site,Fri 27 Mar - Sat 28 Mar,"1 night, 1 adult","LKR 23,877","LKR 17,908",Includes taxes and charges,https://www.booking.com/hotel/lk/laras-place.en-gb.html?label=gen173nr-10CAEoggI46AdIM1gEaIUBiAEBmAEzuAEXyAEM2AED6AEB-AEBiAIBqAIBuAKR-pzLBsACAdICJDUzNDcxMzBmLTQyNDUtNDBjZC1hNTczLWZmOTRhODk0NDUyMdgCAeACAQ&aid=304142&ucfs=1&arphpl=1&checkin=2026-03-27&checkout=2026-03-28&dest_id=-2238370&dest_type=city&group_adults=1&req_adults=1&no_rooms=1&group_children=0&req_children=0&hpos=5&hapos=5&sr_order=popularity&srpvid=95dbe8d72501e41c2be6173636705471&srepoch=1768373553&all_sr_blocks=80132402_390770084_1_1_0&highlighted_blocks=80132402_390770084_1_1_0&matching_block_id=80132402_390770084_1_1_0&sr_pri_blocks=80132402_390770084_1_1_0__5793&from=searchresults
Dunes Unawatuna Hotel,,Unawatuna,3.0,9.1,9.1,0.6,250 m from beach,True,,Single Room with Balcony,1 single bed,,,,Fri 23 Jan - Sat 24 Jan,"1 night, 1 adult",,"LKR 18,306",Includes taxes and charges,https://www.booking.com/hotel/lk/dunes-unawatuna.en-gb.html?label=gen173nr-10CAEoggI46AdIM1gEaIUBiAEBmAEzuAEXyAEM2AED6AEB-AEBiAIBqAIBuAKR-pzLBsACAdICJDUzNDcxMzBmLTQyNDUtNDBjZC1hNTczLWZmOTRhODk0NDUyMdgCAeACAQ&aid=304142&ucfs=1&arphpl=1&checkin=2026-01-23&checkout=2026-01-24&dest_id=-2238370&dest_type=city&group_adults=1&req_adults=1&no_rooms=1&group_children=0&req_children=0&hpos=6&hapos=6&sr_order=popularity&srpvid=95dbe8d72501e41c2be6173636705471&srepoch=1768373553&all_sr_blocks=63642406_0_1_0_0&highlighted_blocks=63642406_0_1_0_0&matching_block_id=63642406_0_1_0_0&sr_pri_blocks=63642406_0_1_0_0__5922&from=searchresults
Camellia Unawatuna,,Unawatuna,,9.6,9.6,0.6,950 m from beach,,,Standard Double Room with Fan,1 double bed,,,Only 1 room left at this price on our site,Fri 13 Mar - Sat 14 Mar,"1 night, 1 adult",,"LKR 3,904",+LKR 429 taxes and charges,https://www.booking.com/hotel/lk/camellia-unawatuna.en-gb.html?label=gen173nr-10CAEoggI46AdIM1gEaIUBiAEBmAEzuAEXyAEM2AED6AEB-AEBiAIBqAIBuAKR-pzLBsACAdICJDUzNDcxMzBmLTQyNDUtNDBjZC1hNTczLWZmOTRhODk0NDUyMdgCAeACAQ&aid=304142&ucfs=1&arphpl=1&checkin=2026-03-13&checkout=2026-03-14&dest_id=-2238370&dest_type=city&group_adults=1&req_adults=1&no_rooms=1&group_children=0&req_children=0&hpos=7&hapos=7&sr_order=popularity&srpvid=95dbe8d72501e41c2be6173636705471&srepoch=1768373553&all_sr_blocks=1357562904_409034021_1_0_0&highlighted_blocks=1357562904_409034021_1_0_0&matching_block_id=1357562904_409034021_1_0_0&sr_pri_blocks=1357562904_409034021_1_0_0__1263&from=searchresults
Dev House,,Unawatuna,,9.3,9.3,350.0,450 m from beach,,,Double Room with Balcony,1 large double bed,,,Only 1 room left at this price on our site,Fri 20 Mar - Sat 21 Mar,"1 night, 1 adult",,"LKR 4,019",+LKR 442 taxes and charges,https://www.booking.com/hotel/lk/dev-house-unawatuna1.en-gb.html?label=gen173nr-10CAEoggI46AdIM1gEaIUBiAEBmAEzuAEXyAEM2AED6AEB-AEBiAIBqAIBuAKR-pzLBsACAdICJDUzNDcxMzBmLTQyNDUtNDBjZC1hNTczLWZmOTRhODk0NDUyMdgCAeACAQ&aid=304142&ucfs=1&arphpl=1&checkin=2026-03-20&checkout=2026-03-21&dest_id=-2238370&dest_type=city&group_adults=1&req_adults=1&no_rooms=1&group_children=0&req_children=0&hpos=8&hapos=8&sr_order=popularity&srpvid=95dbe8d72501e41c2be6173636705471&srepoch=1768373553&all_sr_blocks=1092080401_399386118_2_0_0&highlighted_blocks=1092080401_399386118_2_0_0&matching_block_id=1092080401_399386118_2_0_0&sr_pri_blocks=1092080401_399386118_2_0_0__1300&from=searchresults
Epic Unawatuna,,Unawatuna,,8.8,8.8,1.0,100 m from beach,True,,Deluxe Queen Room,1 extra-large double bed,,,Only 1 room left at this price on our site,Fri 13 Mar - Sat 14 Mar,"1 night, 1 adult",,"LKR 18,393","+LKR 1,839 taxes and charges",https://www.booking.com/hotel/lk/epic-unawatuna.en-gb.html?label=gen173nr-10CAEoggI46AdIM1gEaIUBiAEBmAEzuAEXyAEM2AED6AEB-AEBiAIBqAIBuAKR-pzLBsACAdICJDUzNDcxMzBmLTQyNDUtNDBjZC1hNTczLWZmOTRhODk0NDUyMdgCAeACAQ&aid=304142&ucfs=1&arphpl=1&checkin=2026-03-13&checkout=2026-03-14&dest_id=-2238370&dest_type=city&group_adults=1&req_adults=1&no_rooms=1&group_children=0&req_children=0&hpos=9&hapos=9&sr_order=popularity&srpvid=95dbe8d72501e41c2be6173636705471&srepoch=1768373553&all_sr_blocks=252956903_208164138_0_42_0&highlighted_blocks=252956903_208164138_0_42_0&matching_block_id=252956903_208164138_0_42_0&sr_pri_blocks=252956903_208164138_0_42_0__5950&from=searchresults
White Flower Guest,,Unawatuna,,10.0,10,1.0,50 m from beach,,Early 2026 Deal,Budget Double Room,1 large double bed,,,Only 1 room left at this price on our site,Fri 16 Jan - Sat 17 Jan,"1 night, 1 adult","LKR 8,965","LKR 7,172",+LKR 789 taxes and charges,https://www.booking.com/hotel/lk/white-flower-guest.en-gb.html?label=gen173nr-10CAEoggI46AdIM1gEaIUBiAEBmAEzuAEXyAEM2AED6AEB-AEBiAIBqAIBuAKR-pzLBsACAdICJDUzNDcxMzBmLTQyNDUtNDBjZC1hNTczLWZmOTRhODk0NDUyMdgCAeACAQ&aid=304142&ucfs=1&arphpl=1&checkin=2026-01-16&checkout=2026-01-17&dest_id=-2238370&dest_type=city&group_adults=1&req_adults=1&no_rooms=1&group_children=0&req_children=0&hpos=10&hapos=10&sr_order=popularity&srpvid=95dbe8d72501e41c2be6173636705471&srepoch=1768373553&all_sr_blocks=1540298504_425436452_2_0_0&highlighted_blocks=1540298504_425436452_2_0_0&matching_block_id=1540298504_425436452_2_0_0&sr_pri_blocks=1540298504_425436452_2_0_0__2320&from=searchresults
Thaproban Beach House,,Unawatuna,3.0,8.3,8.3,1.0,,True,,Deluxe Double Room,1 large double bed,,,,Fri 13 Feb - Sat 14 Feb,"1 night, 1 adult",,"LKR 23,537","+LKR 4,473 taxes and charges",https://www.booking.com/hotel/lk/thaprobane-beach-house.en-gb.html?label=gen173nr-10CAEoggI46AdIM1gEaIUBiAEBmAEzuAEXyAEM2AED6AEB-AEBiAIBqAIBuAKR-pzLBsACAdICJDUzNDcxMzBmLTQyNDUtNDBjZC1hNTczLWZmOTRhODk0NDUyMdgCAeACAQ&aid=304142&ucfs=1&arphpl=1&checkin=2026-02-13&checkout=2026-02-14&dest_id=-2238370&dest_type=city&group_adults=1&req_adults=1&no_rooms=1&group_children=0&req_children=0&hpos=11&hapos=11&sr_order=popularity&srpvid=95dbe8d72501e41c2be6173636705471&srepoch=1768373553&all_sr_blocks=34244502_0_1_0_0&highlighted_blocks=34244502_0_1_0_0&matching_block_id=34244502_0_1_0_0&sr_pri_blocks=34244502_0_1_0_0__7614&from=searchresults
Green Villa Unawatuna,,Unawatuna,4.0,9.1,9.1,500.0,350 m from beach,True,,Deluxe Double Room,1 extra-large double bed,,,Only 2 rooms left at this price on our site,Fri 16 Jan - Sat 17 Jan,"1 night, 1 adult","LKR 18,084","LKR 16,275",Includes taxes and charges,https://www.booking.com/hotel/lk/green-villa-unawatuna.en-gb.html?label=gen173nr-10CAEoggI46AdIM1gEaIUBiAEBmAEzuAEXyAEM2AED6AEB-AEBiAIBqAIBuAKR-pzLBsACAdICJDUzNDcxMzBmLTQyNDUtNDBjZC1hNTczLWZmOTRhODk0NDUyMdgCAeACAQ&aid=304142&ucfs=1&arphpl=1&checkin=2026-01-16&checkout=2026-01-17&dest_id=-2238370&dest_type=city&group_adults=1&req_adults=1&no_rooms=1&group_children=0&req_children=0&hpos=12&hapos=12&sr_order=popularity&srpvid=95dbe8d72501e41c2be6173636705471&srepoch=1768373553&all_sr_blocks=117133902_388142804_2_2_0&highlighted_blocks=117133902_388142804_2_2_0&matching_block_id=117133902_388142804_2_2_0&sr_pri_blocks=117133902_388142804_2_2_0__5265&from=searchresults
Villa Ok,,Unawatuna,3.0,9.4,9.4,150.0,950 m from beach,,,Standard Single Room,1 single bed,,,Only 1 room left at this price on our site,Fri 6 Mar - Sat 7 Mar,"1 night, 1 adult",,"LKR 6,183",Includes taxes and charges,https://www.booking.com/hotel/lk/villa-ok-unawatuna.en-gb.html?label=gen173nr-10CAEoggI46AdIM1gEaIUBiAEBmAEzuAEXyAEM2AED6AEB-AEBiAIBqAIBuAKR-pzLBsACAdICJDUzNDcxMzBmLTQyNDUtNDBjZC1hNTczLWZmOTRhODk0NDUyMdgCAeACAQ&aid=304142&ucfs=1&arphpl=1&checkin=2026-03-06&checkout=2026-03-07&dest_id=-2238370&dest_type=city&group_adults=1&req_adults=1&no_rooms=1&group_children=0&req_children=0&hpos=13&hapos=13&sr_order=popularity&srpvid=95dbe8d72501e41c2be6173636705471&srepoch=1768373553&all_sr_blocks=263176702_106176739_1_1_0&highlighted_blocks=263176702_106176739_1_1_0&matching_block_id=263176702_106176739_1_1_0&sr_pri_blocks=263176702_106176739_1_1_0__2000&from=searchresults
Asantha Guest House,,Unawatuna,3.0,7.9,7.9,0.6,150 m from beach,True,,Budget Double Room,1 double bed,,,Only 5 rooms left at this price on our site,Fri 16 Jan - Sat 17 Jan,"1 night, 1 adult",,"LKR 5,255",Includes taxes and charges,https://www.booking.com/hotel/lk/asantha-guest-house-galle2.en-gb.html?label=gen173nr-10CAEoggI46AdIM1gEaIUBiAEBmAEzuAEXyAEM2AED6AEB-AEBiAIBqAIBuAKR-pzLBsACAdICJDUzNDcxMzBmLTQyNDUtNDBjZC1hNTczLWZmOTRhODk0NDUyMdgCAeACAQ&aid=304142&ucfs=1&arphpl=1&checkin=2026-01-16&checkout=2026-01-17&dest_id=-2238370&dest_type=city&group_adults=1&req_adults=1&no_rooms=1&group_children=0&req_children=0&hpos=14&hapos=14&sr_order=popularity&srpvid=95dbe8d72501e41c2be6173636705471&srepoch=1768373553&all_sr_blocks=144763607_364903783_0_2_0&highlighted_blocks=144763607_364903783_0_2_0&matching_block_id=144763607_364903783_0_2_0&sr_pri_blocks=144763607_364903783_0_2_0__1700&from=searchresults
Kapaliya Unawatuna,,Unawatuna,4.0,9.2,9.2,0.6,400 m from beach,True,,Double Room with Balcony and Sea View,1 extra-large double bed,,,Only 1 room left at this price on our site,Fri 6 Feb - Sat 7 Feb,"1 night, 1 adult",,"LKR 11,685","+LKR 1,285 taxes and charges",https://www.booking.com/hotel/lk/kapalia-unawatuna.en-gb.html?label=gen173nr-10CAEoggI46AdIM1gEaIUBiAEBmAEzuAEXyAEM2AED6AEB-AEBiAIBqAIBuAKR-pzLBsACAdICJDUzNDcxMzBmLTQyNDUtNDBjZC1hNTczLWZmOTRhODk0NDUyMdgCAeACAQ&aid=304142&ucfs=1&arphpl=1&checkin=2026-02-06&checkout=2026-02-07&dest_id=-2238370&dest_type=city&group_adults=1&req_adults=1&no_rooms=1&group_children=0&req_children=0&hpos=15&hapos=15&sr_order=popularity&srpvid=95dbe8d72501e41c2be6173636705471&srepoch=1768373553&all_sr_blocks=953074202_367865745_2_2_0&highlighted_blocks=953074202_367865745_2_2_0&matching_block_id=953074202_367865745_2_2_0&sr_pri_blocks=953074202_367865745_2_2_0__3780&from=searchresults
Sooriya villa,,Unawatuna,3.0,8.9,8.9,2.8,,,,Deluxe Double Room with Sea View,1 large double bed,,,Only 1 room left at this price on our site,Fri 23 Jan - Sat 24 Jan,"1 night, 1 adult",,"LKR 13,911","+LKR 2,921 taxes and charges",https://www.booking.com/hotel/lk/sooriya-villa-galle.en-gb.html?label=gen173nr-10CAEoggI46AdIM1gEaIUBiAEBmAEzuAEXyAEM2AED6AEB-AEBiAIBqAIBuAKR-pzLBsACAdICJDUzNDcxMzBmLTQyNDUtNDBjZC1hNTczLWZmOTRhODk0NDUyMdgCAeACAQ&aid=304142&ucfs=1&arphpl=1&checkin=2026-01-23&checkout=2026-01-24&dest_id=-2238370&dest_type=city&group_adults=1&req_adults=1&no_rooms=1&group_children=0&req_children=0&hpos=16&hapos=16&sr_order=popularity&srpvid=95dbe8d72501e41c2be6173636705471&srepoch=1768373553&all_sr_blocks=1262833101_399112586_0_1_0&highlighted_blocks=1262833101_399112586_0_1_0&matching_block_id=1262833101_399112586_0_1_0&sr_pri_blocks=1262833101_399112586_0_1_0__4500&from=searchresults
Hotel Flower Garden,,Unawatuna,4.0,7.5,7.5,350.0,450 m from beach,True,,Deluxe Double Room,1 double bed,,,Only 1 room left at this price on our site,Fri 6 Feb - Sat 7 Feb,"1 night, 1 adult",,"LKR 18,548","+LKR 1,855 taxes and charges",https://www.booking.com/hotel/lk/flower-garden.en-gb.html?label=gen173nr-10CAEoggI46AdIM1gEaIUBiAEBmAEzuAEXyAEM2AED6AEB-AEBiAIBqAIBuAKR-pzLBsACAdICJDUzNDcxMzBmLTQyNDUtNDBjZC1hNTczLWZmOTRhODk0NDUyMdgCAeACAQ&aid=304142&ucfs=1&arphpl=1&checkin=2026-02-06&checkout=2026-02-07&dest_id=-2238370&dest_type=city&group_adults=1&req_adults=1&no_rooms=1&group_children=0&req_children=0&hpos=17&hapos=17&sr_order=popularity&srpvid=95dbe8d72501e41c2be6173636705471&srepoch=1768373553&all_sr_blocks=48784101_277278243_2_33_0&highlighted_blocks=48784101_277278243_2_33_0&matching_block_id=48784101_277278243_2_33_0&sr_pri_blocks=48784101_277278243_2_33_0__6000&from=searchresults
Urchin Unawatuna,,Unawatuna,,8.4,8.4,1.0,150 m from beach,True,,Deluxe Double Room,1 large double bed,,,Only 3 rooms left at this price on our site,Fri 6 Mar - Sat 7 Mar,"1 night, 1 adult",,"LKR 11,747","+LKR 2,114 taxes and charges",https://www.booking.com/hotel/lk/urchin-hostel.en-gb.html?label=gen173nr-10CAEoggI46AdIM1gEaIUBiAEBmAEzuAEXyAEM2AED6AEB-AEBiAIBqAIBuAKR-pzLBsACAdICJDUzNDcxMzBmLTQyNDUtNDBjZC1hNTczLWZmOTRhODk0NDUyMdgCAeACAQ&aid=304142&ucfs=1&arphpl=1&checkin=2026-03-06&checkout=2026-03-07&dest_id=-2238370&dest_type=city&group_adults=1&req_adults=1&no_rooms=1&group_children=0&req_children=0&hpos=18&hapos=18&sr_order=popularity&srpvid=95dbe8d72501e41c2be6173636705471&srepoch=1768373553&all_sr_blocks=561585601_265552093_2_2_0&highlighted_blocks=561585601_265552093_2_2_0&matching_block_id=561585601_265552093_2_2_0&sr_pri_blocks=561585601_265552093_2_2_0__3800&from=searchresults
Peacock Beach Hotel Unawatuna,,Unawatuna,3.0,7.1,7.1,0.8,,True,,Deluxe Double Room with Side Sea View,1 double bed,,,Only 1 room left at this price on our site,Fri 16 Jan - Sat 17 Jan,"1 night, 1 adult",,"LKR 18,084",Includes taxes and charges,https://www.booking.com/hotel/lk/peacock.en-gb.html?label=gen173nr-10CAEoggI46AdIM1gEaIUBiAEBmAEzuAEXyAEM2AED6AEB-AEBiAIBqAIBuAKR-pzLBsACAdICJDUzNDcxMzBmLTQyNDUtNDBjZC1hNTczLWZmOTRhODk0NDUyMdgCAeACAQ&aid=304142&ucfs=1&arphpl=1&checkin=2026-01-16&checkout=2026-01-17&dest_id=-2238370&dest_type=city&group_adults=1&req_adults=1&no_rooms=1&group_children=0&req_children=0&hpos=19&hapos=19&sr_order=popularity&srpvid=95dbe8d72501e41c2be6173636705471&srepoch=1768373553&all_sr_blocks=67192409_309101450_0_10_0&highlighted_blocks=67192409_309101450_0_10_0&matching_block_id=67192409_309101450_0_10_0&sr_pri_blocks=67192409_309101450_0_10_0__5850&from=searchresults
Green Escape Unawatuna,,Unawatuna,4.0,9.1,9.1,1.4,1.1 km from beach,True,,Double or Twin Room,2 single beds,,,Only 2 rooms left at this price on our site,Fri 13 Mar - Sat 14 Mar,"1 night, 1 adult",,"LKR 23,787","+LKR 2,379 taxes and charges",https://www.booking.com/hotel/lk/green-escape-unawatuna.en-gb.html?label=gen173nr-10CAEoggI46AdIM1gEaIUBiAEBmAEzuAEXyAEM2AED6AEB-AEBiAIBqAIBuAKR-pzLBsACAdICJDUzNDcxMzBmLTQyNDUtNDBjZC1hNTczLWZmOTRhODk0NDUyMdgCAeACAQ&aid=304142&ucfs=1&arphpl=1&checkin=2026-03-13&checkout=2026-03-14&dest_id=-2238370&dest_type=city&group_adults=1&req_adults=1&no_rooms=1&group_children=0&req_children=0&hpos=20&hapos=20&sr_order=popularity&srpvid=95dbe8d72501e41c2be6173636705471&srepoch=1768373553&all_sr_blocks=788384903_338414013_0_1_0&highlighted_blocks=788384903_338414013_0_1_0&matching_block_id=788384903_338414013_0_1_0&sr_pri_blocks=788384903_338414013_0_1_0__7695&from=searchresults
Secret Garden Villa - Unawatuna,,Unawatuna,1.0,8.6,8.6,0.9,,True,,Economy Twin Room,2 single beds,,,Only 1 room left at this price on our site,Fri 6 Mar - Sat 7 Mar,"1 night, 1 adult",,"LKR 20,093","+LKR 2,009 taxes and charges",https://www.booking.com/hotel/lk/secretgarden-villa.en-gb.html?label=gen173nr-10CAEoggI46AdIM1gEaIUBiAEBmAEzuAEXyAEM2AED6AEB-AEBiAIBqAIBuAKR-pzLBsACAdICJDUzNDcxMzBmLTQyNDUtNDBjZC1hNTczLWZmOTRhODk0NDUyMdgCAeACAQ&aid=304142&ucfs=1&arphpl=1&checkin=2026-03-06&checkout=2026-03-07&dest_id=-2238370&dest_type=city&group_adults=1&req_adults=1&no_rooms=1&group_children=0&req_children=0&hpos=21&hapos=21&sr_order=popularity&srpvid=95dbe8d72501e41c2be6173636705471&srepoch=1768373553&all_sr_blocks=116544604_402009437_2_1_0&highlighted_blocks=116544604_402009437_2_1_0&matching_block_id=116544604_402009437_2_1_0&sr_pri_blocks=116544604_402009437_2_1_0__6500&from=searchresults
The Emerald Guest House & Villa,,Unawatuna,3.0,8.4,8.4,0.6,200 m from beach,,,Double Room with Private Bathroom,1 large double bed,,,Only 1 room left at this price on our site,Fri 6 Feb - Sat 7 Feb,"1 night, 1 adult",,"LKR 4,019",+LKR 442 taxes and charges,https://www.booking.com/hotel/lk/the-emerald-guest-house-amp-villa.en-gb.html?label=gen173nr-10CAEoggI46AdIM1gEaIUBiAEBmAEzuAEXyAEM2AED6AEB-AEBiAIBqAIBuAKR-pzLBsACAdICJDUzNDcxMzBmLTQyNDUtNDBjZC1hNTczLWZmOTRhODk0NDUyMdgCAeACAQ&aid=304142&ucfs=1&arphpl=1&checkin=2026-02-06&checkout=2026-02-07&dest_id=-2238370&dest_type=city&group_adults=1&req_adults=1&no_rooms=1&group_children=0&req_children=0&hpos=22&hapos=22&sr_order=popularity&srpvid=95dbe8d72501e41c2be6173636705471&srepoch=1768373553&all_sr_blocks=1050761405_384839623_2_2_0&highlighted_blocks=1050761405_384839623_2_2_0&matching_block_id=1050761405_384839623_2_2_0&sr_pri_blocks=1050761405_384839623_2_2_0__1300&from=searchresults
Thaproban Pavilion Waves,,Unawatuna,4.0,8.0,8.0,1.4,,True,,Queen Room,1 large double bed,,,Only 2 rooms left at this price on our site,Fri 23 Jan - Sat 24 Jan,"1 night, 1 adult",,"LKR 39,645","+LKR 7,604 taxes and charges",https://www.booking.com/hotel/lk/thaproban-pavilion-waves.en-gb.html?label=gen173nr-10CAEoggI46AdIM1gEaIUBiAEBmAEzuAEXyAEM2AED6AEB-AEBiAIBqAIBuAKR-pzLBsACAdICJDUzNDcxMzBmLTQyNDUtNDBjZC1hNTczLWZmOTRhODk0NDUyMdgCAeACAQ&aid=304142&ucfs=1&arphpl=1&checkin=2026-01-23&checkout=2026-01-24&dest_id=-2238370&dest_type=city&group_adults=1&req_adults=1&no_rooms=1&group_children=0&req_children=0&hpos=23&hapos=23&sr_order=popularity&srpvid=95dbe8d72501e41c2be6173636705471&srepoch=1768373553&all_sr_blocks=275606201_195224156_2_42_0_1143793&highlighted_blocks=275606201_195224156_2_42_0_1143793&matching_block_id=275606201_195224156_2_42_0_1143793&sr_pri_blocks=275606201_195224156_2_42_0_1143793_12825&from=searchresults
sahasna (one bedroom private villa),,Unawatuna,4.0,9.4,9.4,2.0,350 m from beach,,,One-Bedroom Villa,Entire villa • 1 bedroom • 1 bathroom • 1 kitchen • 70 m²,,,,Fri 30 Jan - Sat 31 Jan,"1 night, 1 adult",,"LKR 9,215",Includes taxes and charges,https://www.booking.com/hotel/lk/sahasna-one-bedroom-private-villa.en-gb.html?label=gen173nr-10CAEoggI46AdIM1gEaIUBiAEBmAEzuAEXyAEM2AED6AEB-AEBiAIBqAIBuAKR-pzLBsACAdICJDUzNDcxMzBmLTQyNDUtNDBjZC1hNTczLWZmOTRhODk0NDUyMdgCAeACAQ&aid=304142&ucfs=1&arphpl=1&checkin=2026-01-30&checkout=2026-01-31&dest_id=-2238370&dest_type=city&group_adults=1&req_adults=1&no_rooms=1&group_children=0&req_children=0&hpos=24&hapos=24&sr_order=popularity&srpvid=95dbe8d72501e41c2be6173636705471&srepoch=1768373553&all_sr_blocks=812406101_343542864_1_1_0&highlighted_blocks=812406101_343542864_1_1_0&matching_block_id=812406101_343542864_1_1_0&sr_pri_blocks=812406101_343542864_1_1_0__2981&from=searchresults
The Emerald Hills Unawatuna,,Unawatuna,,,,0.6,300 m from beach,,,Comfort Triple Room,"2 beds (1 single, 1 extra-large double)",,,Only 1 room left at this price on our site,Fri 16 Jan - Sat 17 Jan,"1 night, 1 adult",,"LKR 4,730",+LKR 520 taxes and charges,https://www.booking.com/hotel/lk/the-emerald-hills-unawatuna.en-gb.html?label=gen173nr-10CAEoggI46AdIM1gEaIUBiAEBmAEzuAEXyAEM2AED6AEB-AEBiAIBqAIBuAKR-pzLBsACAdICJDUzNDcxMzBmLTQyNDUtNDBjZC1hNTczLWZmOTRhODk0NDUyMdgCAeACAQ&aid=304142&ucfs=1&arphpl=1&checkin=2026-01-16&checkout=2026-01-17&dest_id=-2238370&dest_type=city&group_adults=1&req_adults=1&no_rooms=1&group_children=0&req_children=0&hpos=25&hapos=25&sr_order=popularity&srpvid=95dbe8d72501e41c2be6173636705471&srepoch=1768373553&all_sr_blocks=1543716902_425710266_0_0_0&highlighted_blocks=1543716902_425710266_0_0_0&matching_block_id=1543716902_425710266_0_0_0&sr_pri_blocks=1543716902_425710266_0_0_0__1530&from=searchresults
Nooit Gedacht Heritage Hotel (Original Dutch Governors House),,Unawatuna,3.0,8.5,8.5,350.0,450 m from beach,True,,Budget Double Room,1 double bed,,,Only 1 room left at this price on our site,Fri 13 Feb - Sat 14 Feb,"1 night, 1 adult",,"LKR 10,510","+LKR 3,058 taxes and charges",https://www.booking.com/hotel/lk/nooit-gedacht-ayurveda-heritage.en-gb.html?label=gen173nr-10CAEoggI46AdIM1gEaIUBiAEBmAEzuAEXyAEM2AED6AEB-AEBiAIBqAIBuAKR-pzLBsACAdICJDUzNDcxMzBmLTQyNDUtNDBjZC1hNTczLWZmOTRhODk0NDUyMdgCAeACAQ&aid=304142&ucfs=1&arphpl=1&checkin=2026-02-13&checkout=2026-02-14&dest_id=-2238370&dest_type=city&group_adults=1&req_adults=1&no_rooms=1&group_children=0&req_children=0&hpos=1&hapos=1&sr_order=popularity&srpvid=95dbe8d72501e41c2be6173636705471&srepoch=1768373556&all_sr_blocks=34241206_265093589_2_1_0&highlighted_blocks=34241206_265093589_2_1_0&matching_block_id=34241206_265093589_2_1_0&sr_pri_blocks=34241206_265093589_2_1_0__3400&from=searchresults
Miss Ceylon,,Unawatuna,4.0,9.3,9.3,3.0,2.6 km from beach,True,,Deluxe Loft,,,,,Fri 23 Jan - Sat 24 Jan,"1 night, 1 adult",,"LKR 70,144",Includes taxes and charges,https://www.booking.com/hotel/lk/miss-ceylon-unawatuna1.en-gb.html?label=gen173nr-10CAEoggI46AdIM1gEaIUBiAEBmAEzuAEXyAEM2AED6AEB-AEBiAIBqAIBuAKR-pzLBsACAdICJDUzNDcxMzBmLTQyNDUtNDBjZC1hNTczLWZmOTRhODk0NDUyMdgCAeACAQ&aid=304142&ucfs=1&arphpl=1&checkin=2026-01-23&checkout=2026-01-24&dest_id=-2238370&dest_type=city&group_adults=1&req_adults=1&no_rooms=1&group_children=0&req_children=0&hpos=2&hapos=2&sr_order=popularity&srpvid=95dbe8d72501e41c2be6173636705471&srepoch=1768373556&all_sr_blocks=0_0_1_1_0&highlighted_blocks=0_0_1_1_0&matching_block_id=0_0_1_1_0&sr_pri_blocks=0_0_1_1_0__22691&from=searchresults
Anara Villa,,Unawatuna,3.0,8.7,8.7,4.9,50 m from beach,True,,Standard Double Room with Fan,1 large double bed,,,Only 1 room left at this price on our site,Fri 30 Jan - Sat 31 Jan,"1 night, 1 adult","LKR 3,128","LKR 2,408",Includes taxes and charges,https://www.booking.com/hotel/lk/anara-villa.en-gb.html?label=gen173nr-10CAEoggI46AdIM1gEaIUBiAEBmAEzuAEXyAEM2AED6AEB-AEBiAIBqAIBuAKR-pzLBsACAdICJDUzNDcxMzBmLTQyNDUtNDBjZC1hNTczLWZmOTRhODk0NDUyMdgCAeACAQ&aid=304142&ucfs=1&arphpl=1&checkin=2026-01-30&checkout=2026-01-31&dest_id=-2238370&dest_type=city&group_adults=1&req_adults=1&no_rooms=1&group_children=0&req_children=0&hpos=3&hapos=3&sr_order=popularity&srpvid=95dbe8d72501e41c2be6173636705471&srepoch=1768373556&all_sr_blocks=107617201_195287779_1_2_0&highlighted_blocks=107617201_195287779_1_2_0&matching_block_id=107617201_195287779_1_2_0&sr_pri_blocks=107617201_195287779_1_2_0__779&from=searchresults
Nooit Gedacht Holiday Resort Unawatuna,,Unawatuna,4.0,8.7,8.7,200.0,550 m from beach,True,,Standard Double Room,1 extra-large double bed,,,Only 2 rooms left at this price on our site,Fri 23 Jan - Sat 24 Jan,"1 night, 1 adult",,"LKR 8,362",Includes taxes and charges,https://www.booking.com/hotel/lk/nooit-gedacht-holiday-resort.en-gb.html?label=gen173nr-10CAEoggI46AdIM1gEaIUBiAEBmAEzuAEXyAEM2AED6AEB-AEBiAIBqAIBuAKR-pzLBsACAdICJDUzNDcxMzBmLTQyNDUtNDBjZC1hNTczLWZmOTRhODk0NDUyMdgCAeACAQ&aid=304142&ucfs=1&arphpl=1&checkin=2026-01-23&checkout=2026-01-24&dest_id=-2238370&dest_type=city&group_adults=1&req_adults=1&no_rooms=1&group_children=0&req_children=0&hpos=4&hapos=4&sr_order=popularity&srpvid=95dbe8d72501e41c2be6173636705471&srepoch=1768373556&all_sr_blocks=67729801_351410215_1_0_0&highlighted_blocks=67729801_351410215_1_0_0&matching_block_id=67729801_351410215_1_0_0&sr_pri_blocks=67729801_351410215_1_0_0__2705&from=searchresults
Lara's place,,Unawatuna,4.0,9.5,9.5,0.9,350 m from beach,True,,Standard Double Room,1 double bed,,,Only 1 room left at this price on our site,Fri 27 Mar - Sat 28 Mar,"1 night, 1 adult","LKR 23,877","LKR 17,908",Includes taxes and charges,https://www.booking.com/hotel/lk/laras-place.en-gb.html?label=gen173nr-10CAEoggI46AdIM1gEaIUBiAEBmAEzuAEXyAEM2AED6AEB-AEBiAIBqAIBuAKR-pzLBsACAdICJDUzNDcxMzBmLTQyNDUtNDBjZC1hNTczLWZmOTRhODk0NDUyMdgCAeACAQ&aid=304142&ucfs=1&arphpl=1&checkin=2026-03-27&checkout=2026-03-28&dest_id=-2238370&dest_type=city&group_adults=1&req_adults=1&no_rooms=1&group_children=0&req_children=0&hpos=5&hapos=5&sr_order=popularity&srpvid=95dbe8d72501e41c2be6173636705471&srepoch=1768373556&all_sr_blocks=80132402_390770084_1_1_0&highlighted_blocks=80132402_390770084_1_1_0&matching_block_id=80132402_390770084_1_1_0&sr_pri_blocks=80132402_390770084_1_1_0__5793&from=searchresults
Dunes Unawatuna Hotel,,Unawatuna,3.0,9.1,9.1,0.6,250 m from beach,True,,Single Room with Balcony,1 single bed,,,,Fri 23 Jan - Sat 24 Jan,"1 night, 1 adult",,"LKR 18,306",Includes taxes and charges,https://www.booking.com/hotel/lk/dunes-unawatuna.en-gb.html?label=gen173nr-10CAEoggI46AdIM1gEaIUBiAEBmAEzuAEXyAEM2AED6AEB-AEBiAIBqAIBuAKR-pzLBsACAdICJDUzNDcxMzBmLTQyNDUtNDBjZC1hNTczLWZmOTRhODk0NDUyMdgCAeACAQ&aid=304142&ucfs=1&arphpl=1&checkin=2026-01-23&checkout=2026-01-24&dest_id=-2238370&dest_type=city&group_adults=1&req_adults=1&no_rooms=1&group_children=0&req_children=0&hpos=6&hapos=6&sr_order=popularity&srpvid=95dbe8d72501e41c2be6173636705471&srepoch=1768373556&all_sr_blocks=63642406_0_1_0_0&highlighted_blocks=63642406_0_1_0_0&matching_block_id=63642406_0_1_0_0&sr_pri_blocks=63642406_0_1_0_0__5922&from=searchresults
Camellia Unawatuna,,Unawatuna,,9.6,9.6,0.6,950 m from beach,,,Standard Double Room with Fan,1 double bed,,,Only 1 room left at this price on our site,Fri 13 Mar - Sat 14 Mar,"1 night, 1 adult",,"LKR 3,904",+LKR 429 taxes and charges,https://www.booking.com/hotel/lk/camellia-unawatuna.en-gb.html?label=gen173nr-10CAEoggI46AdIM1gEaIUBiAEBmAEzuAEXyAEM2AED6AEB-AEBiAIBqAIBuAKR-pzLBsACAdICJDUzNDcxMzBmLTQyNDUtNDBjZC1hNTczLWZmOTRhODk0NDUyMdgCAeACAQ&aid=304142&ucfs=1&arphpl=1&checkin=2026-03-13&checkout=2026-03-14&dest_id=-2238370&dest_type=city&group_adults=1&req_adults=1&no_rooms=1&group_children=0&req_children=0&hpos=7&hapos=7&sr_order=popularity&srpvid=95dbe8d72501e41c2be6173636705471&srepoch=1768373556&all_sr_blocks=1357562904_409034021_1_0_0&highlighted_blocks=1357562904_409034021_1_0_0&matching_block_id=1357562904_409034021_1_0_0&sr_pri_blocks=1357562904_409034021_1_0_0__1263&from=searchresults
Dev House,,Unawatuna,,9.3,9.3,350.0,450 m from beach,,,Double Room with Balcony,1 large double bed,,,Only 1 room left at this price on our site,Fri 20 Mar - Sat 21 Mar,"1 night, 1 adult",,"LKR 4,019",+LKR 442 taxes and charges,https://www.booking.com/hotel/lk/dev-house-unawatuna1.en-gb.html?label=gen173nr-10CAEoggI46AdIM1gEaIUBiAEBmAEzuAEXyAEM2AED6AEB-AEBiAIBqAIBuAKR-pzLBsACAdICJDUzNDcxMzBmLTQyNDUtNDBjZC1hNTczLWZmOTRhODk0NDUyMdgCAeACAQ&aid=304142&ucfs=1&arphpl=1&checkin=2026-03-20&checkout=2026-03-21&dest_id=-2238370&dest_type=city&group_adults=1&req_adults=1&no_rooms=1&group_children=0&req_children=0&hpos=8&hapos=8&sr_order=popularity&srpvid=95dbe8d72501e41c2be6173636705471&srepoch=1768373556&all_sr_blocks=1092080401_399386118_2_0_0&highlighted_blocks=1092080401_399386118_2_0_0&matching_block_id=1092080401_399386118_2_0_0&sr_pri_blocks=1092080401_399386118_2_0_0__1300&from=searchresults
Epic Unawatuna,,Unawatuna,,8.8,8.8,1.0,100 m from beach,True,,Deluxe Queen Room,1 extra-large double bed,,,Only 1 room left at this price on our site,Fri 13 Mar - Sat 14 Mar,"1 night, 1 adult",,"LKR 18,393","+LKR 1,839 taxes and charges",https://www.booking.com/hotel/lk/epic-unawatuna.en-gb.html?label=gen173nr-10CAEoggI46AdIM1gEaIUBiAEBmAEzuAEXyAEM2AED6AEB-AEBiAIBqAIBuAKR-pzLBsACAdICJDUzNDcxMzBmLTQyNDUtNDBjZC1hNTczLWZmOTRhODk0NDUyMdgCAeACAQ&aid=304142&ucfs=1&arphpl=1&checkin=2026-03-13&checkout=2026-03-14&dest_id=-2238370&dest_type=city&group_adults=1&req_adults=1&no_rooms=1&group_children=0&req_children=0&hpos=9&hapos=9&sr_order=popularity&srpvid=95dbe8d72501e41c2be6173636705471&srepoch=1768373556&all_sr_blocks=252956903_208164138_0_42_0&highlighted_blocks=252956903_208164138_0_42_0&matching_block_id=252956903_208164138_0_42_0&sr_pri_blocks=252956903_208164138_0_42_0__5950&from=searchresults
White Flower Guest,,Unawatuna,,10.0,10,1.0,50 m from beach,,Early 2026 Deal,Budget Double Room,1 large double bed,,,Only 1 room left at this price on our site,Fri 16 Jan - Sat 17 Jan,"1 night, 1 adult","LKR 8,965","LKR 7,172",+LKR 789 taxes and charges,https://www.booking.com/hotel/lk/white-flower-guest.en-gb.html?label=gen173nr-10CAEoggI46AdIM1gEaIUBiAEBmAEzuAEXyAEM2AED6AEB-AEBiAIBqAIBuAKR-pzLBsACAdICJDUzNDcxMzBmLTQyNDUtNDBjZC1hNTczLWZmOTRhODk0NDUyMdgCAeACAQ&aid=304142&ucfs=1&arphpl=1&checkin=2026-01-16&checkout=2026-01-17&dest_id=-2238370&dest_type=city&group_adults=1&req_adults=1&no_rooms=1&group_children=0&req_children=0&hpos=10&hapos=10&sr_order=popularity&srpvid=95dbe8d72501e41c2be6173636705471&srepoch=1768373556&all_sr_blocks=1540298504_425436452_2_0_0&highlighted_blocks=1540298504_425436452_2_0_0&matching_block_id=1540298504_425436452_2_0_0&sr_pri_blocks=1540298504_425436452_2_0_0__2320&from=searchresults
Thaproban Beach House,,Unawatuna,3.0,8.3,8.3,1.0,,True,,Deluxe Double Room,1 large double bed,,,,Fri 13 Feb - Sat 14 Feb,"1 night, 1 adult",,"LKR 23,537","+LKR 4,473 taxes and charges",https://www.booking.com/hotel/lk/thaprobane-beach-house.en-gb.html?label=gen173nr-10CAEoggI46AdIM1gEaIUBiAEBmAEzuAEXyAEM2AED6AEB-AEBiAIBqAIBuAKR-pzLBsACAdICJDUzNDcxMzBmLTQyNDUtNDBjZC1hNTczLWZmOTRhODk0NDUyMdgCAeACAQ&aid=304142&ucfs=1&arphpl=1&checkin=2026-02-13&checkout=2026-02-14&dest_id=-2238370&dest_type=city&group_adults=1&req_adults=1&no_rooms=1&group_children=0&req_children=0&hpos=11&hapos=11&sr_order=popularity&srpvid=95dbe8d72501e41c2be6173636705471&srepoch=1768373556&all_sr_blocks=34244502_0_1_0_0&highlighted_blocks=34244502_0_1_0_0&matching_block_id=34244502_0_1_0_0&sr_pri_blocks=34244502_0_1_0_0__7614&from=searchresults
Green Villa Unawatuna,,Unawatuna,4.0,9.1,9.1,500.0,350 m from beach,True,,Deluxe Double Room,1 extra-large double bed,,,Only 2 rooms left at this price on our site,Fri 16 Jan - Sat 17 Jan,"1 night, 1 adult","LKR 18,084","LKR 16,275",Includes taxes and charges,https://www.booking.com/hotel/lk/green-villa-unawatuna.en-gb.html?label=gen173nr-10CAEoggI46AdIM1gEaIUBiAEBmAEzuAEXyAEM2AED6AEB-AEBiAIBqAIBuAKR-pzLBsACAdICJDUzNDcxMzBmLTQyNDUtNDBjZC1hNTczLWZmOTRhODk0NDUyMdgCAeACAQ&aid=304142&ucfs=1&arphpl=1&checkin=2026-01-16&checkout=2026-01-17&dest_id=-2238370&dest_type=city&group_adults=1&req_adults=1&no_rooms=1&group_children=0&req_children=0&hpos=12&hapos=12&sr_order=popularity&srpvid=95dbe8d72501e41c2be6173636705471&srepoch=1768373556&all_sr_blocks=117133902_388142804_2_2_0&highlighted_blocks=117133902_388142804_2_2_0&matching_block_id=117133902_388142804_2_2_0&sr_pri_blocks=117133902_388142804_2_2_0__5265&from=searchresults
Villa Ok,,Unawatuna,3.0,9.4,9.4,150.0,950 m from beach,,,Standard Single Room,1 single bed,,,Only 1 room left at this price on our site,Fri 6 Mar - Sat 7 Mar,"1 night, 1 adult",,"LKR 6,183",Includes taxes and charges,https://www.booking.com/hotel/lk/villa-ok-unawatuna.en-gb.html?label=gen173nr-10CAEoggI46AdIM1gEaIUBiAEBmAEzuAEXyAEM2AED6AEB-AEBiAIBqAIBuAKR-pzLBsACAdICJDUzNDcxMzBmLTQyNDUtNDBjZC1hNTczLWZmOTRhODk0NDUyMdgCAeACAQ&aid=304142&ucfs=1&arphpl=1&checkin=2026-03-06&checkout=2026-03-07&dest_id=-2238370&dest_type=city&group_adults=1&req_adults=1&no_rooms=1&group_children=0&req_children=0&hpos=13&hapos=13&sr_order=popularity&srpvid=95dbe8d72501e41c2be6173636705471&srepoch=1768373556&all_sr_blocks=263176702_106176739_1_1_0&highlighted_blocks=263176702_106176739_1_1_0&matching_block_id=263176702_106176739_1_1_0&sr_pri_blocks=263176702_106176739_1_1_0__2000&from=searchresults
Asantha Guest House,,Unawatuna,3.0,7.9,7.9,0.6,150 m from beach,True,,Budget Double Room,1 double bed,,,Only 5 rooms left at this price on our site,Fri 16 Jan - Sat 17 Jan,"1 night, 1 adult",,"LKR 5,255",Includes taxes and charges,https://www.booking.com/hotel/lk/asantha-guest-house-galle2.en-gb.html?label=gen173nr-10CAEoggI46AdIM1gEaIUBiAEBmAEzuAEXyAEM2AED6AEB-AEBiAIBqAIBuAKR-pzLBsACAdICJDUzNDcxMzBmLTQyNDUtNDBjZC1hNTczLWZmOTRhODk0NDUyMdgCAeACAQ&aid=304142&ucfs=1&arphpl=1&checkin=2026-01-16&checkout=2026-01-17&dest_id=-2238370&dest_type=city&group_adults=1&req_adults=1&no_rooms=1&group_children=0&req_children=0&hpos=14&hapos=14&sr_order=popularity&srpvid=95dbe8d72501e41c2be6173636705471&srepoch=1768373556&all_sr_blocks=144763607_364903783_0_2_0&highlighted_blocks=144763607_364903783_0_2_0&matching_block_id=144763607_364903783_0_2_0&sr_pri_blocks=144763607_364903783_0_2_0__1700&from=searchresults
Kapaliya Unawatuna,,Unawatuna,4.0,9.2,9.2,0.6,400 m from beach,True,,Double Room with Balcony and Sea View,1 extra-large double bed,,,Only 1 room left at this price on our site,Fri 6 Feb - Sat 7 Feb,"1 night, 1 adult",,"LKR 11,685","+LKR 1,285 taxes and charges",https://www.booking.com/hotel/lk/kapalia-unawatuna.en-gb.html?label=gen173nr-10CAEoggI46AdIM1gEaIUBiAEBmAEzuAEXyAEM2AED6AEB-AEBiAIBqAIBuAKR-pzLBsACAdICJDUzNDcxMzBmLTQyNDUtNDBjZC1hNTczLWZmOTRhODk0NDUyMdgCAeACAQ&aid=304142&ucfs=1&arphpl=1&checkin=2026-02-06&checkout=2026-02-07&dest_id=-2238370&dest_type=city&group_adults=1&req_adults=1&no_rooms=1&group_children=0&req_children=0&hpos=15&hapos=15&sr_order=popularity&srpvid=95dbe8d72501e41c2be6173636705471&srepoch=1768373556&all_sr_blocks=953074202_367865745_2_2_0&highlighted_blocks=953074202_367865745_2_2_0&matching_block_id=953074202_367865745_2_2_0&sr_pri_blocks=953074202_367865745_2_2_0__3780&from=searchresults
Sooriya villa,,Unawatuna,3.0,8.9,8.9,2.8,,,,Deluxe Double Room with Sea View,1 large double bed,,,Only 1 room left at this price on our site,Fri 23 Jan - Sat 24 Jan,"1 night, 1 adult",,"LKR 13,911","+LKR 2,921 taxes and charges",https://www.booking.com/hotel/lk/sooriya-villa-galle.en-gb.html?label=gen173nr-10CAEoggI46AdIM1gEaIUBiAEBmAEzuAEXyAEM2AED6AEB-AEBiAIBqAIBuAKR-pzLBsACAdICJDUzNDcxMzBmLTQyNDUtNDBjZC1hNTczLWZmOTRhODk0NDUyMdgCAeACAQ&aid=304142&ucfs=1&arphpl=1&checkin=2026-01-23&checkout=2026-01-24&dest_id=-2238370&dest_type=city&group_adults=1&req_adults=1&no_rooms=1&group_children=0&req_children=0&hpos=16&hapos=16&sr_order=popularity&srpvid=95dbe8d72501e41c2be6173636705471&srepoch=1768373556&all_sr_blocks=1262833101_399112586_0_1_0&highlighted_blocks=1262833101_399112586_0_1_0&matching_block_id=1262833101_399112586_0_1_0&sr_pri_blocks=1262833101_399112586_0_1_0__4500&from=searchresults
Hotel Flower Garden,,Unawatuna,4.0,7.5,7.5,350.0,450 m from beach,True,,Deluxe Double Room,1 double bed,,,Only 1 room left at this price on our site,Fri 6 Feb - Sat 7 Feb,"1 night, 1 adult",,"LKR 18,548","+LKR 1,855 taxes and charges",https://www.booking.com/hotel/lk/flower-garden.en-gb.html?label=gen173nr-10CAEoggI46AdIM1gEaIUBiAEBmAEzuAEXyAEM2AED6AEB-AEBiAIBqAIBuAKR-pzLBsACAdICJDUzNDcxMzBmLTQyNDUtNDBjZC1hNTczLWZmOTRhODk0NDUyMdgCAeACAQ&aid=304142&ucfs=1&arphpl=1&checkin=2026-02-06&checkout=2026-02-07&dest_id=-2238370&dest_type=city&group_adults=1&req_adults=1&no_rooms=1&group_children=0&req_children=0&hpos=17&hapos=17&sr_order=popularity&srpvid=95dbe8d72501e41c2be6173636705471&srepoch=1768373556&all_sr_blocks=48784101_277278243_2_33_0&highlighted_blocks=48784101_277278243_2_33_0&matching_block_id=48784101_277278243_2_33_0&sr_pri_blocks=48784101_277278243_2_33_0__6000&from=searchresults
Urchin Unawatuna,,Unawatuna,,8.4,8.4,1.0,150 m from beach,True,,Deluxe Double Room,1 large double bed,,,Only 3 rooms left at this price on our site,Fri 6 Mar - Sat 7 Mar,"1 night, 1 adult",,"LKR 11,747","+LKR 2,114 taxes and charges",https://www.booking.com/hotel/lk/urchin-hostel.en-gb.html?label=gen173nr-10CAEoggI46AdIM1gEaIUBiAEBmAEzuAEXyAEM2AED6AEB-AEBiAIBqAIBuAKR-pzLBsACAdICJDUzNDcxMzBmLTQyNDUtNDBjZC1hNTczLWZmOTRhODk0NDUyMdgCAeACAQ&aid=304142&ucfs=1&arphpl=1&checkin=2026-03-06&checkout=2026-03-07&dest_id=-2238370&dest_type=city&group_adults=1&req_adults=1&no_rooms=1&group_children=0&req_children=0&hpos=18&hapos=18&sr_order=popularity&srpvid=95dbe8d72501e41c2be6173636705471&srepoch=1768373556&all_sr_blocks=561585601_265552093_2_2_0&highlighted_blocks=561585601_265552093_2_2_0&matching_block_id=561585601_265552093_2_2_0&sr_pri_blocks=561585601_265552093_2_2_0__3800&from=searchresults
Peacock Beach Hotel Unawatuna,,Unawatuna,3.0,7.1,7.1,0.8,,True,,Deluxe Double Room with Side Sea View,1 double bed,,,Only 1 room left at this price on our site,Fri 16 Jan - Sat 17 Jan,"1 night, 1 adult",,"LKR 18,084",Includes taxes and charges,https://www.booking.com/hotel/lk/peacock.en-gb.html?label=gen173nr-10CAEoggI46AdIM1gEaIUBiAEBmAEzuAEXyAEM2AED6AEB-AEBiAIBqAIBuAKR-pzLBsACAdICJDUzNDcxMzBmLTQyNDUtNDBjZC1hNTczLWZmOTRhODk0NDUyMdgCAeACAQ&aid=304142&ucfs=1&arphpl=1&checkin=2026-01-16&checkout=2026-01-17&dest_id=-2238370&dest_type=city&group_adults=1&req_adults=1&no_rooms=1&group_children=0&req_children=0&hpos=19&hapos=19&sr_order=popularity&srpvid=95dbe8d72501e41c2be6173636705471&srepoch=1768373556&all_sr_blocks=67192409_309101450_0_10_0&highlighted_blocks=67192409_309101450_0_10_0&matching_block_id=67192409_309101450_0_10_0&sr_pri_blocks=67192409_309101450_0_10_0__5850&from=searchresults
Green Escape Unawatuna,,Unawatuna,4.0,9.1,9.1,1.4,1.1 km from beach,True,,Double or Twin Room,2 single beds,,,Only 2 rooms left at this price on our site,Fri 13 Mar - Sat 14 Mar,"1 night, 1 adult",,"LKR 23,787","+LKR 2,379 taxes and charges",https://www.booking.com/hotel/lk/green-escape-unawatuna.en-gb.html?label=gen173nr-10CAEoggI46AdIM1gEaIUBiAEBmAEzuAEXyAEM2AED6AEB-AEBiAIBqAIBuAKR-pzLBsACAdICJDUzNDcxMzBmLTQyNDUtNDBjZC1hNTczLWZmOTRhODk0NDUyMdgCAeACAQ&aid=304142&ucfs=1&arphpl=1&checkin=2026-03-13&checkout=2026-03-14&dest_id=-2238370&dest_type=city&group_adults=1&req_adults=1&no_rooms=1&group_children=0&req_children=0&hpos=20&hapos=20&sr_order=popularity&srpvid=95dbe8d72501e41c2be6173636705471&srepoch=1768373556&all_sr_blocks=788384903_338414013_0_1_0&highlighted_blocks=788384903_338414013_0_1_0&matching_block_id=788384903_338414013_0_1_0&sr_pri_blocks=788384903_338414013_0_1_0__7695&from=searchresults
Secret Garden Villa - Unawatuna,,Unawatuna,1.0,8.6,8.6,0.9,,True,,Economy Twin Room,2 single beds,,,Only 1 room left at this price on our site,Fri 6 Mar - Sat 7 Mar,"1 night, 1 adult",,"LKR 20,093","+LKR 2,009 taxes and charges",https://www.booking.com/hotel/lk/secretgarden-villa.en-gb.html?label=gen173nr-10CAEoggI46AdIM1gEaIUBiAEBmAEzuAEXyAEM2AED6AEB-AEBiAIBqAIBuAKR-pzLBsACAdICJDUzNDcxMzBmLTQyNDUtNDBjZC1hNTczLWZmOTRhODk0NDUyMdgCAeACAQ&aid=304142&ucfs=1&arphpl=1&checkin=2026-03-06&checkout=2026-03-07&dest_id=-2238370&dest_type=city&group_adults=1&req_adults=1&no_rooms=1&group_children=0&req_children=0&hpos=21&hapos=21&sr_order=popularity&srpvid=95dbe8d72501e41c2be6173636705471&srepoch=1768373556&all_sr_blocks=116544604_402009437_2_1_0&highlighted_blocks=116544604_402009437_2_1_0&matching_block_id=116544604_402009437_2_1_0&sr_pri_blocks=116544604_402009437_2_1_0__6500&from=searchresults
The Emerald Guest House & Villa,,Unawatuna,3.0,8.4,8.4,0.6,200 m from beach,,,Double Room with Private Bathroom,1 large double bed,,,Only 1 room left at this price on our site,Fri 6 Feb - Sat 7 Feb,"1 night, 1 adult",,"LKR 4,019",+LKR 442 taxes and charges,https://www.booking.com/hotel/lk/the-emerald-guest-house-amp-villa.en-gb.html?label=gen173nr-10CAEoggI46AdIM1gEaIUBiAEBmAEzuAEXyAEM2AED6AEB-AEBiAIBqAIBuAKR-pzLBsACAdICJDUzNDcxMzBmLTQyNDUtNDBjZC1hNTczLWZmOTRhODk0NDUyMdgCAeACAQ&aid=304142&ucfs=1&arphpl=1&checkin=2026-02-06&checkout=2026-02-07&dest_id=-2238370&dest_type=city&group_adults=1&req_adults=1&no_rooms=1&group_children=0&req_children=0&hpos=22&hapos=22&sr_order=popularity&srpvid=95dbe8d72501e41c2be6173636705471&srepoch=1768373556&all_sr_blocks=1050761405_384839623_2_2_0&highlighted_blocks=1050761405_384839623_2_2_0&matching_block_id=1050761405_384839623_2_2_0&sr_pri_blocks=1050761405_384839623_2_2_0__1300&from=searchresults
Thaproban Pavilion Waves,,Unawatuna,4.0,8.0,8.0,1.4,,True,,Queen Room,1 large double bed,,,Only 2 rooms left at this price on our site,Fri 23 Jan - Sat 24 Jan,"1 night, 1 adult",,"LKR 39,645","+LKR 7,604 taxes and charges",https://www.booking.com/hotel/lk/thaproban-pavilion-waves.en-gb.html?label=gen173nr-10CAEoggI46AdIM1gEaIUBiAEBmAEzuAEXyAEM2AED6AEB-AEBiAIBqAIBuAKR-pzLBsACAdICJDUzNDcxMzBmLTQyNDUtNDBjZC1hNTczLWZmOTRhODk0NDUyMdgCAeACAQ&aid=304142&ucfs=1&arphpl=1&checkin=2026-01-23&checkout=2026-01-24&dest_id=-2238370&dest_type=city&group_adults=1&req_adults=1&no_rooms=1&group_children=0&req_children=0&hpos=23&hapos=23&sr_order=popularity&srpvid=95dbe8d72501e41c2be6173636705471&srepoch=1768373556&all_sr_blocks=275606201_195224156_2_42_0_1143793&highlighted_blocks=275606201_195224156_2_42_0_1143793&matching_block_id=275606201_195224156_2_42_0_1143793&sr_pri_blocks=275606201_195224156_2_42_0_1143793_12825&from=searchresults
sahasna (one bedroom private villa),,Unawatuna,4.0,9.4,9.4,2.0,350 m from beach,,,One-Bedroom Villa,Entire villa • 1 bedroom • 1 bathroom • 1 kitchen • 70 m²,,,,Fri 30 Jan - Sat 31 Jan,"1 night, 1 adult",,"LKR 9,215",Includes taxes and charges,https://www.booking.com/hotel/lk/sahasna-one-bedroom-private-villa.en-gb.html?label=gen173nr-10CAEoggI46AdIM1gEaIUBiAEBmAEzuAEXyAEM2AED6AEB-AEBiAIBqAIBuAKR-pzLBsACAdICJDUzNDcxMzBmLTQyNDUtNDBjZC1hNTczLWZmOTRhODk0NDUyMdgCAeACAQ&aid=304142&ucfs=1&arphpl=1&checkin=2026-01-30&checkout=2026-01-31&dest_id=-2238370&dest_type=city&group_adults=1&req_adults=1&no_rooms=1&group_children=0&req_children=0&hpos=24&hapos=24&sr_order=popularity&srpvid=95dbe8d72501e41c2be6173636705471&srepoch=1768373556&all_sr_blocks=812406101_343542864_1_1_0&highlighted_blocks=812406101_343542864_1_1_0&matching_block_id=812406101_343542864_1_1_0&sr_pri_blocks=812406101_343542864_1_1_0__2981&from=searchresults
The Emerald Hills Unawatuna,,Unawatuna,,,,0.6,300 m from beach,,,Comfort Triple Room,"2 beds (1 single, 1 extra-large double)",,,Only 1 room left at this price on our site,Fri 16 Jan - Sat 17 Jan,"1 night, 1 adult",,"LKR 4,730",+LKR 520 taxes and charges,https://www.booking.com/hotel/lk/the-emerald-hills-unawatuna.en-gb.html?label=gen173nr-10CAEoggI46AdIM1gEaIUBiAEBmAEzuAEXyAEM2AED6AEB-AEBiAIBqAIBuAKR-pzLBsACAdICJDUzNDcxMzBmLTQyNDUtNDBjZC1hNTczLWZmOTRhODk0NDUyMdgCAeACAQ&aid=304142&ucfs=1&arphpl=1&checkin=2026-01-16&checkout=2026-01-17&dest_id=-2238370&dest_type=city&group_adults=1&req_adults=1&no_rooms=1&group_children=0&req_children=0&hpos=25&hapos=25&sr_order=popularity&srpvid=95dbe8d72501e41c2be6173636705471&srepoch=1768373556&all_sr_blocks=1543716902_425710266_0_0_0&highlighted_blocks=1543716902_425710266_0_0_0&matching_block_id=1543716902_425710266_0_0_0&sr_pri_blocks=1543716902_425710266_0_0_0__1530&from=searchresults
Happy Beach Resort,,Unawatuna,4.0,8.8,8.8,1.2,,True,,Budget Double Room,1 large double bed,,,Only 1 room left at this price on our site,Fri 6 Feb - Sat 7 Feb,"1 night, 1 adult",,"LKR 13,911","+LKR 2,504 taxes and charges",https://www.booking.com/hotel/lk/happy-beach-guest-house-unawatuna.en-gb.html?label=gen173nr-10CAEoggI46AdIM1gEaIUBiAEBmAEzuAEXyAEM2AED6AEB-AEBiAIBqAIBuAKR-pzLBsACAdICJDUzNDcxMzBmLTQyNDUtNDBjZC1hNTczLWZmOTRhODk0NDUyMdgCAeACAQ&aid=304142&ucfs=1&arphpl=1&checkin=2026-02-06&checkout=2026-02-07&dest_id=-2238370&dest_type=city&group_adults=1&req_adults=1&no_rooms=1&group_children=0&req_children=0&hpos=1&hapos=26&sr_order=popularity&srpvid=95dbe8d72501e41c2be6173636705471&srepoch=1768373556&all_sr_blocks=1255915203_398219898_0_1_0&highlighted_blocks=1255915203_398219898_0_1_0&matching_block_id=1255915203_398219898_0_1_0&sr_pri_blocks=1255915203_398219898_0_1_0__4500&from=searchresults
La Veranda Di Serena,,Unawatuna,3.0,8.8,8.8,1.2,,True,,Double Room with Private Bathroom,1 large double bed,,,Only 1 room left at this price on our site,Fri 13 Feb - Sat 14 Feb,"1 night, 1 adult",,"LKR 18,084","+LKR 4,637 taxes and charges",https://www.booking.com/hotel/lk/la-veranda-di-serena.en-gb.html?label=gen173nr-10CAEoggI46AdIM1gEaIUBiAEBmAEzuAEXyAEM2AED6AEB-AEBiAIBqAIBuAKR-pzLBsACAdICJDUzNDcxMzBmLTQyNDUtNDBjZC1hNTczLWZmOTRhODk0NDUyMdgCAeACAQ&aid=304142&ucfs=1&arphpl=1&checkin=2026-02-13&checkout=2026-02-14&dest_id=-2238370&dest_type=city&group_adults=1&req_adults=1&no_rooms=1&group_children=0&req_children=0&hpos=2&hapos=27&sr_order=popularity&srpvid=95dbe8d72501e41c2be6173636705471&srepoch=1768373556&all_sr_blocks=123994512_388814603_2_1_0_268546&highlighted_blocks=123994512_388814603_2_1_0_268546&matching_block_id=123994512_388814603_2_1_0_268546&sr_pri_blocks=123994512_388814603_2_1_0_268546_5850&from=searchresults
The Regent Villa,,Unawatuna,,10.0,10,0.6,400 m from beach,,,One-Bedroom Villa,Entire villa • 1 bedroom • 1 bathroom • 1 kitchen • 57 m²,,,,Fri 16 Jan - Sat 17 Jan,"1 night, 1 adult",,"LKR 11,824","+LKR 1,301 taxes and charges",https://www.booking.com/hotel/lk/the-regent-villa.en-gb.html?label=gen173nr-10CAEoggI46AdIM1gEaIUBiAEBmAEzuAEXyAEM2AED6AEB-AEBiAIBqAIBuAKR-pzLBsACAdICJDUzNDcxMzBmLTQyNDUtNDBjZC1hNTczLWZmOTRhODk0NDUyMdgCAeACAQ&aid=304142&ucfs=1&arphpl=1&checkin=2026-01-16&checkout=2026-01-17&dest_id=-2238370&dest_type=city&group_adults=1&req_adults=1&no_rooms=1&group_children=0&req_children=0&hpos=3&hapos=28&sr_order=popularity&srpvid=95dbe8d72501e41c2be6173636705471&srepoch=1768373556&all_sr_blocks=1550379101_426241064_3_2_0&highlighted_blocks=1550379101_426241064_3_2_0&matching_block_id=1550379101_426241064_3_2_0&sr_pri_blocks=1550379101_426241064_3_2_0__3825&from=searchresults
The Waves Unawatuna,,Unawatuna,4.0,9.4,9.4,1.0,,True,,Deluxe Suite with Partial Seaview,Private suite,,,Only 1 left at this price on our site,Fri 16 Jan - Sat 17 Jan,"1 night, 1 adult","LKR 57,312","LKR 34,387","+LKR 7,221 taxes and charges",https://www.booking.com/hotel/lk/hot-rock-unawatuna.en-gb.html?label=gen173nr-10CAEoggI46AdIM1gEaIUBiAEBmAEzuAEXyAEM2AED6AEB-AEBiAIBqAIBuAKR-pzLBsACAdICJDUzNDcxMzBmLTQyNDUtNDBjZC1hNTczLWZmOTRhODk0NDUyMdgCAeACAQ&aid=304142&ucfs=1&arphpl=1&checkin=2026-01-16&checkout=2026-01-17&dest_id=-2238370&dest_type=city&group_adults=1&req_adults=1&no_rooms=1&group_children=0&req_children=0&hpos=4&hapos=29&sr_order=popularity&srpvid=95dbe8d72501e41c2be6173636705471&srepoch=1768373556&all_sr_blocks=1143877301_387241770_2_0_0_240303&highlighted_blocks=1143877301_387241770_2_0_0_240303&matching_block_id=1143877301_387241770_2_0_0_240303&sr_pri_blocks=1143877301_387241770_2_0_0_240303_11124&from=searchresults
Unawatuna Beach Bungalow -,,Unawatuna,5.0,8.7,8.7,0.7,50 m from beach,True,,Double or Twin Room with Garden View,2 single beds,,,Only 2 rooms left at this price on our site,Fri 16 Jan - Sat 17 Jan,"1 night, 1 adult",,"LKR 17,002",Includes taxes and charges,https://www.booking.com/hotel/lk/unawatuna-beach-bungalows.en-gb.html?label=gen173nr-10CAEoggI46AdIM1gEaIUBiAEBmAEzuAEXyAEM2AED6AEB-AEBiAIBqAIBuAKR-pzLBsACAdICJDUzNDcxMzBmLTQyNDUtNDBjZC1hNTczLWZmOTRhODk0NDUyMdgCAeACAQ&aid=304142&ucfs=1&arphpl=1&checkin=2026-01-16&checkout=2026-01-17&dest_id=-2238370&dest_type=city&group_adults=1&req_adults=1&no_rooms=1&group_children=0&req_children=0&hpos=5&hapos=30&sr_order=popularity&srpvid=95dbe8d72501e41c2be6173636705471&srepoch=1768373556&all_sr_blocks=106611105_259430861_0_33_0&highlighted_blocks=106611105_259430861_0_33_0&matching_block_id=106611105_259430861_0_33_0&sr_pri_blocks=106611105_259430861_0_33_0__5500&from=searchresults
SURF UNA BEACH HOTEL,,Unawatuna,3.0,8.3,8.3,0.8,,,,Double Room,1 large double bed,,,Only 1 room left at this price on our site,Fri 6 Feb - Sat 7 Feb,"1 night, 1 adult",,"LKR 13,911","+LKR 1,530 taxes and charges",https://www.booking.com/hotel/lk/surf-una-beach.en-gb.html?label=gen173nr-10CAEoggI46AdIM1gEaIUBiAEBmAEzuAEXyAEM2AED6AEB-AEBiAIBqAIBuAKR-pzLBsACAdICJDUzNDcxMzBmLTQyNDUtNDBjZC1hNTczLWZmOTRhODk0NDUyMdgCAeACAQ&aid=304142&ucfs=1&arphpl=1&checkin=2026-02-06&checkout=2026-02-07&dest_id=-2238370&dest_type=city&group_adults=1&req_adults=1&no_rooms=1&group_children=0&req_children=0&hpos=6&hapos=31&sr_order=popularity&srpvid=95dbe8d72501e41c2be6173636705471&srepoch=1768373556&all_sr_blocks=1098597704_383024869_0_9_0&highlighted_blocks=1098597704_383024869_0_9_0&matching_block_id=1098597704_383024869_0_9_0&sr_pri_blocks=1098597704_383024869_0_9_0__4500&from=searchresults
Nature Villa Unawatuna,,Unawatuna,3.0,8.7,8.7,0.7,50 m from beach,,,Double Room with Garden View,3 extra-large double beds,,,Only 2 rooms left at this price on our site,Fri 16 Jan - Sat 17 Jan,"1 night, 1 adult",,"LKR 15,302","+LKR 3,213 taxes and charges",https://www.booking.com/hotel/lk/nature-villa-unawatuna-unawatuna-sri-lanka.en-gb.html?label=gen173nr-10CAEoggI46AdIM1gEaIUBiAEBmAEzuAEXyAEM2AED6AEB-AEBiAIBqAIBuAKR-pzLBsACAdICJDUzNDcxMzBmLTQyNDUtNDBjZC1hNTczLWZmOTRhODk0NDUyMdgCAeACAQ&aid=304142&ucfs=1&arphpl=1&checkin=2026-01-16&checkout=2026-01-17&dest_id=-2238370&dest_type=city&group_adults=1&req_adults=1&no_rooms=1&group_children=0&req_children=0&hpos=7&hapos=32&sr_order=popularity&srpvid=95dbe8d72501e41c2be6173636705471&srepoch=1768373556&all_sr_blocks=912349401_426645989_1_1_0&highlighted_blocks=912349401_426645989_1_1_0&matching_block_id=912349401_426645989_1_1_0&sr_pri_blocks=912349401_426645989_1_1_0__4950&from=searchresults
Silva Rest,,Unawatuna,4.0,9.1,9.1,0.7,100 m from beach,,,Standard Twin Room,2 single beds,,,Only 1 room left at this price on our site,Fri 23 Jan - Sat 24 Jan,"1 night, 1 adult",,"LKR 17,002",Includes taxes and charges,https://www.booking.com/hotel/lk/silva-rest.en-gb.html?label=gen173nr-10CAEoggI46AdIM1gEaIUBiAEBmAEzuAEXyAEM2AED6AEB-AEBiAIBqAIBuAKR-pzLBsACAdICJDUzNDcxMzBmLTQyNDUtNDBjZC1hNTczLWZmOTRhODk0NDUyMdgCAeACAQ&aid=304142&ucfs=1&arphpl=1&checkin=2026-01-23&checkout=2026-01-24&dest_id=-2238370&dest_type=city&group_adults=1&req_adults=1&no_rooms=1&group_children=0&req_children=0&hpos=8&hapos=33&sr_order=popularity&srpvid=95dbe8d72501e41c2be6173636705471&srepoch=1768373556&all_sr_blocks=128687607_273458388_2_34_0&highlighted_blocks=128687607_273458388_2_34_0&matching_block_id=128687607_273458388_2_34_0&sr_pri_blocks=128687607_273458388_2_34_0__5500&from=searchresults
Thambapanni Retreat,,Unawatuna,4.0,8.8,8.8,0.9,150 m from beach,True,,Classic Double Room,1 large double bed,,,Only 1 room left at this price on our site,Fri 6 Feb - Sat 7 Feb,"1 night, 1 adult",,"LKR 22,906","+LKR 4,393 taxes and charges",https://www.booking.com/hotel/lk/thambapanni-retreat.en-gb.html?label=gen173nr-10CAEoggI46AdIM1gEaIUBiAEBmAEzuAEXyAEM2AED6AEB-AEBiAIBqAIBuAKR-pzLBsACAdICJDUzNDcxMzBmLTQyNDUtNDBjZC1hNTczLWZmOTRhODk0NDUyMdgCAeACAQ&aid=304142&ucfs=1&arphpl=1&checkin=2026-02-06&checkout=2026-02-07&dest_id=-2238370&dest_type=city&group_adults=1&req_adults=1&no_rooms=1&group_children=0&req_children=0&hpos=9&hapos=34&sr_order=popularity&srpvid=95dbe8d72501e41c2be6173636705471&srepoch=1768373556&all_sr_blocks=34297405_195224233_2_42_0&highlighted_blocks=34297405_195224233_2_42_0&matching_block_id=34297405_195224233_2_42_0&sr_pri_blocks=34297405_195224233_2_42_0__7410&from=searchresults
Villa 58 Unawatuna,,Unawatuna,,9.8,9.8,400.0,450 m from beach,,,Deluxe Triple Room,"2 beds (1 extra-large double, 1 large double)",,,Only 1 room left at this price on our site,Fri 16 Jan - Sat 17 Jan,"1 night, 1 adult",,"LKR 19,908","+LKR 2,190 taxes and charges",https://www.booking.com/hotel/lk/villa-58-unawatuna.en-gb.html?label=gen173nr-10CAEoggI46AdIM1gEaIUBiAEBmAEzuAEXyAEM2AED6AEB-AEBiAIBqAIBuAKR-pzLBsACAdICJDUzNDcxMzBmLTQyNDUtNDBjZC1hNTczLWZmOTRhODk0NDUyMdgCAeACAQ&aid=304142&ucfs=1&arphpl=1&checkin=2026-01-16&checkout=2026-01-17&dest_id=-2238370&dest_type=city&group_adults=1&req_adults=1&no_rooms=1&group_children=0&req_children=0&hpos=10&hapos=35&sr_order=popularity&srpvid=95dbe8d72501e41c2be6173636705471&srepoch=1768373556&all_sr_blocks=816623706_344165042_2_0_0&highlighted_blocks=816623706_344165042_2_0_0&matching_block_id=816623706_344165042_2_0_0&sr_pri_blocks=816623706_344165042_2_0_0__6440&from=searchresults
Alice in Paradise,,Unawatuna,3.0,9.2,9.2,1.1,250 m from beach,,,Small Double Room,1 double bed,,,Only 1 room left at this price on our site,Fri 23 Jan - Sat 24 Jan,"1 night, 1 adult",,"LKR 12,612",Includes taxes and charges,https://www.booking.com/hotel/lk/alice-in-paradise.en-gb.html?label=gen173nr-10CAEoggI46AdIM1gEaIUBiAEBmAEzuAEXyAEM2AED6AEB-AEBiAIBqAIBuAKR-pzLBsACAdICJDUzNDcxMzBmLTQyNDUtNDBjZC1hNTczLWZmOTRhODk0NDUyMdgCAeACAQ&aid=304142&ucfs=1&arphpl=1&checkin=2026-01-23&checkout=2026-01-24&dest_id=-2238370&dest_type=city&group_adults=1&req_adults=1&no_rooms=1&group_children=0&req_children=0&hpos=11&hapos=36&sr_order=popularity&srpvid=95dbe8d72501e41c2be6173636705471&srepoch=1768373556&all_sr_blocks=794366202_339481964_1_1_0&highlighted_blocks=794366202_339481964_1_1_0&matching_block_id=794366202_339481964_1_1_0&sr_pri_blocks=794366202_339481964_1_1_0__4080&from=searchresults
VillaWatuna,,Unawatuna,3.0,9.1,9.1,1.0,100 m from beach,True,,Budget Double Room,1 double bed,,,Only 1 room left at this price on our site,Fri 30 Jan - Sat 31 Jan,"1 night, 1 adult",,"LKR 13,354",Includes taxes and charges,https://www.booking.com/hotel/lk/villawatuna.en-gb.html?label=gen173nr-10CAEoggI46AdIM1gEaIUBiAEBmAEzuAEXyAEM2AED6AEB-AEBiAIBqAIBuAKR-pzLBsACAdICJDUzNDcxMzBmLTQyNDUtNDBjZC1hNTczLWZmOTRhODk0NDUyMdgCAeACAQ&aid=304142&ucfs=1&arphpl=1&checkin=2026-01-30&checkout=2026-01-31&dest_id=-2238370&dest_type=city&group_adults=1&req_adults=1&no_rooms=1&group_children=0&req_children=0&hpos=12&hapos=37&sr_order=popularity&srpvid=95dbe8d72501e41c2be6173636705471&srepoch=1768373556&all_sr_blocks=106903909_266010167_2_1_0&highlighted_blocks=106903909_266010167_2_1_0&matching_block_id=106903909_266010167_2_1_0&sr_pri_blocks=106903909_266010167_2_1_0__4320&from=searchresults
Cocobay Unawatuna,,Unawatuna,4.0,8.3,8.3,1.4,,True,,Deluxe Room Sea View with 10% off on selected wines,1 extra-large double bed,,,Only 1 room left at this price on our site,Fri 16 Jan - Sat 17 Jan,"1 night, 1 adult","LKR 87,637","LKR 65,729",Includes taxes and charges,https://www.booking.com/hotel/lk/cocobay-unawatuna.en-gb.html?label=gen173nr-10CAEoggI46AdIM1gEaIUBiAEBmAEzuAEXyAEM2AED6AEB-AEBiAIBqAIBuAKR-pzLBsACAdICJDUzNDcxMzBmLTQyNDUtNDBjZC1hNTczLWZmOTRhODk0NDUyMdgCAeACAQ&aid=304142&ucfs=1&arphpl=1&checkin=2026-01-16&checkout=2026-01-17&dest_id=-2238370&dest_type=city&group_adults=1&req_adults=1&no_rooms=1&group_children=0&req_children=0&hpos=13&hapos=38&sr_order=popularity&srpvid=95dbe8d72501e41c2be6173636705471&srepoch=1768373556&all_sr_blocks=46568004_381820666_1_42_0&highlighted_blocks=46568004_381820666_1_42_0&matching_block_id=46568004_381820666_1_42_0&sr_pri_blocks=46568004_381820666_1_42_0__21263&from=searchresults
Tevins Place - Unawatuna,,Unawatuna,,7.8,7.8,1.2,200 m from beach,True,,Deluxe Double Room,1 extra-large double bed,,,Only 1 room left at this price on our site,Fri 6 Feb - Sat 7 Feb,"1 night, 1 adult",,"LKR 11,747","+LKR 1,292 taxes and charges",https://www.booking.com/hotel/lk/tevins-place-unawatuna.en-gb.html?label=gen173nr-10CAEoggI46AdIM1gEaIUBiAEBmAEzuAEXyAEM2AED6AEB-AEBiAIBqAIBuAKR-pzLBsACAdICJDUzNDcxMzBmLTQyNDUtNDBjZC1hNTczLWZmOTRhODk0NDUyMdgCAeACAQ&aid=304142&ucfs=1&arphpl=1&checkin=2026-02-06&checkout=2026-02-07&dest_id=-2238370&dest_type=city&group_adults=1&req_adults=1&no_rooms=1&group_children=0&req_children=0&hpos=14&hapos=39&sr_order=popularity&srpvid=95dbe8d72501e41c2be6173636705471&srepoch=1768373556&all_sr_blocks=1115457401_401529910_0_0_0_631530&highlighted_blocks=1115457401_401529910_0_0_0_631530&matching_block_id=1115457401_401529910_0_0_0_631530&sr_pri_blocks=1115457401_401529910_0_0_0_631530_3800&from=searchresults
Kingfisher,,Unawatuna,,8.4,8.4,1.1,,True,,Deluxe Double Room,1 extra-large double bed,,,Only 2 rooms left at this price on our site,Fri 6 Feb - Sat 7 Feb,"1 night, 1 adult","LKR 46,369","LKR 39,413","+LKR 3,941 taxes and charges",https://www.booking.com/hotel/lk/kingfisher.en-gb.html?label=gen173nr-10CAEoggI46AdIM1gEaIUBiAEBmAEzuAEXyAEM2AED6AEB-AEBiAIBqAIBuAKR-pzLBsACAdICJDUzNDcxMzBmLTQyNDUtNDBjZC1hNTczLWZmOTRhODk0NDUyMdgCAeACAQ&aid=304142&ucfs=1&arphpl=1&checkin=2026-02-06&checkout=2026-02-07&dest_id=-2238370&dest_type=city&group_adults=1&req_adults=1&no_rooms=1&group_children=0&req_children=0&hpos=15&hapos=40&sr_order=popularity&srpvid=95dbe8d72501e41c2be6173636705471&srepoch=1768373556&all_sr_blocks=145562601_351377638_0_1_0&highlighted_blocks=145562601_351377638_0_1_0&matching_block_id=145562601_351377638_0_1_0&sr_pri_blocks=145562601_351377638_0_1_0__12750&from=searchresults
Hotel Panorama,,Unawatuna,4.0,9.0,9.0,0.7,200 m from beach,True,,Superior Double Room,1 large double bed,,,Only 1 room left at this price on our site,Fri 23 Jan - Sat 24 Jan,"1 night, 1 adult",,"LKR 29,491","+LKR 2,949 taxes and charges",https://www.booking.com/hotel/lk/panorama.en-gb.html?label=gen173nr-10CAEoggI46AdIM1gEaIUBiAEBmAEzuAEXyAEM2AED6AEB-AEBiAIBqAIBuAKR-pzLBsACAdICJDUzNDcxMzBmLTQyNDUtNDBjZC1hNTczLWZmOTRhODk0NDUyMdgCAeACAQ&aid=304142&ucfs=1&arphpl=1&checkin=2026-01-23&checkout=2026-01-24&dest_id=-2238370&dest_type=city&group_adults=1&req_adults=1&no_rooms=1&group_children=0&req_children=0&hpos=16&hapos=41&sr_order=popularity&srpvid=95dbe8d72501e41c2be6173636705471&srepoch=1768373556&all_sr_blocks=171752701_243125929_1_2_0&highlighted_blocks=171752701_243125929_1_2_0&matching_block_id=171752701_243125929_1_2_0&sr_pri_blocks=171752701_243125929_1_2_0__9540&from=searchresults
Jungle Village Unawatuna,,Unawatuna,4.0,8.7,8.7,0.9,250 m from beach,True,,Superior Twin Bed,2 single beds,,,,Fri 16 Jan - Sat 17 Jan,"1 night, 1 adult",,"LKR 31,531","+LKR 7,883 taxes and charges",https://www.booking.com/hotel/lk/jungle-village.en-gb.html?label=gen173nr-10CAEoggI46AdIM1gEaIUBiAEBmAEzuAEXyAEM2AED6AEB-AEBiAIBqAIBuAKR-pzLBsACAdICJDUzNDcxMzBmLTQyNDUtNDBjZC1hNTczLWZmOTRhODk0NDUyMdgCAeACAQ&aid=304142&ucfs=1&arphpl=1&checkin=2026-01-16&checkout=2026-01-17&dest_id=-2238370&dest_type=city&group_adults=1&req_adults=1&no_rooms=1&group_children=0&req_children=0&hpos=17&hapos=42&sr_order=popularity&srpvid=95dbe8d72501e41c2be6173636705471&srepoch=1768373556&all_sr_blocks=0_0_1_0_0&highlighted_blocks=0_0_1_0_0&matching_block_id=0_0_1_0_0&sr_pri_blocks=0_0_1_0_0__10200&from=searchresults
Caliza Unawatuna by Sea Cloud,,Unawatuna,3.0,9.0,9.0,2.1,200 m from beach,True,Early 2026 Deal,Deluxe King Room,1 large double bed,,,Only 2 rooms left at this price on our site,Fri 30 Jan - Sat 31 Jan,"1 night, 1 adult","LKR 18,393","LKR 14,900","+LKR 3,129 taxes and charges",https://www.booking.com/hotel/lk/caliza.en-gb.html?label=gen173nr-10CAEoggI46AdIM1gEaIUBiAEBmAEzuAEXyAEM2AED6AEB-AEBiAIBqAIBuAKR-pzLBsACAdICJDUzNDcxMzBmLTQyNDUtNDBjZC1hNTczLWZmOTRhODk0NDUyMdgCAeACAQ&aid=304142&ucfs=1&arphpl=1&checkin=2026-01-30&checkout=2026-01-31&dest_id=-2238370&dest_type=city&group_adults=1&req_adults=1&no_rooms=1&group_children=0&req_children=0&hpos=18&hapos=43&sr_order=popularity&srpvid=95dbe8d72501e41c2be6173636705471&srepoch=1768373556&all_sr_blocks=1340246201_423581550_0_42_0&highlighted_blocks=1340246201_423581550_0_42_0&matching_block_id=1340246201_423581550_0_42_0&sr_pri_blocks=1340246201_423581550_0_42_0__4820&from=searchresults
Apa Villa Thalpe,,Unawatuna,5.0,8.9,8.9,3.5,,True,,Cinnamon Suite with Garden View,Private suite,,,,Fri 16 Jan - Sat 17 Jan,"1 night, 1 adult",,"LKR 56,978","+LKR 17,379 taxes and charges",https://www.booking.com/hotel/lk/apa-villas.en-gb.html?label=gen173nr-10CAEoggI46AdIM1gEaIUBiAEBmAEzuAEXyAEM2AED6AEB-AEBiAIBqAIBuAKR-pzLBsACAdICJDUzNDcxMzBmLTQyNDUtNDBjZC1hNTczLWZmOTRhODk0NDUyMdgCAeACAQ&aid=304142&ucfs=1&arphpl=1&checkin=2026-01-16&checkout=2026-01-17&dest_id=-2238370&dest_type=city&group_adults=1&req_adults=1&no_rooms=1&group_children=0&req_children=0&hpos=19&hapos=44&sr_order=popularity&srpvid=95dbe8d72501e41c2be6173636705471&srepoch=1768373556&all_sr_blocks=36495705_0_1_1_0&highlighted_blocks=36495705_0_1_1_0&matching_block_id=36495705_0_1_1_0&sr_pri_blocks=36495705_0_1_1_0__18432&from=searchresults
Nooit Gedacht Heritage Hotel (Original Dutch Governors House),,Unawatuna,3.0,8.5,8.5,350.0,450 m from beach,True,,Budget Double Room,1 double bed,,,Only 1 room left at this price on our site,Fri 13 Feb - Sat 14 Feb,"1 night, 1 adult",,"LKR 10,510","+LKR 3,058 taxes and charges",https://www.booking.com/hotel/lk/nooit-gedacht-ayurveda-heritage.en-gb.html?label=gen173nr-10CAEoggI46AdIM1gEaIUBiAEBmAEzuAEXyAEM2AED6AEB-AEBiAIBqAIBuAKR-pzLBsACAdICJDUzNDcxMzBmLTQyNDUtNDBjZC1hNTczLWZmOTRhODk0NDUyMdgCAeACAQ&aid=304142&ucfs=1&arphpl=1&checkin=2026-02-13&checkout=2026-02-14&dest_id=-2238370&dest_type=city&group_adults=1&req_adults=1&no_rooms=1&group_children=0&req_children=0&hpos=1&hapos=1&sr_order=popularity&srpvid=95dbe8d72501e41c2be6173636705471&srepoch=1768373566&all_sr_blocks=34241206_265093589_2_1_0&highlighted_blocks=34241206_265093589_2_1_0&matching_block_id=34241206_265093589_2_1_0&sr_pri_blocks=34241206_265093589_2_1_0__3400&from=searchresults
Miss Ceylon,,Unawatuna,4.0,9.3,9.3,3.0,2.6 km from beach,True,,Deluxe Loft,,,,,Fri 23 Jan - Sat 24 Jan,"1 night, 1 adult",,"LKR 70,144",Includes taxes and charges,https://www.booking.com/hotel/lk/miss-ceylon-unawatuna1.en-gb.html?label=gen173nr-10CAEoggI46AdIM1gEaIUBiAEBmAEzuAEXyAEM2AED6AEB-AEBiAIBqAIBuAKR-pzLBsACAdICJDUzNDcxMzBmLTQyNDUtNDBjZC1hNTczLWZmOTRhODk0NDUyMdgCAeACAQ&aid=304142&ucfs=1&arphpl=1&checkin=2026-01-23&checkout=2026-01-24&dest_id=-2238370&dest_type=city&group_adults=1&req_adults=1&no_rooms=1&group_children=0&req_children=0&hpos=2&hapos=2&sr_order=popularity&srpvid=95dbe8d72501e41c2be6173636705471&srepoch=1768373566&all_sr_blocks=0_0_1_1_0&highlighted_blocks=0_0_1_1_0&matching_block_id=0_0_1_1_0&sr_pri_blocks=0_0_1_1_0__22691&from=searchresults
Anara Villa,,Unawatuna,3.0,8.7,8.7,4.9,50 m from beach,True,,Standard Double Room with Fan,1 large double bed,,,Only 1 room left at this price on our site,Fri 30 Jan - Sat 31 Jan,"1 night, 1 adult","LKR 3,128","LKR 2,408",Includes taxes and charges,https://www.booking.com/hotel/lk/anara-villa.en-gb.html?label=gen173nr-10CAEoggI46AdIM1gEaIUBiAEBmAEzuAEXyAEM2AED6AEB-AEBiAIBqAIBuAKR-pzLBsACAdICJDUzNDcxMzBmLTQyNDUtNDBjZC1hNTczLWZmOTRhODk0NDUyMdgCAeACAQ&aid=304142&ucfs=1&arphpl=1&checkin=2026-01-30&checkout=2026-01-31&dest_id=-2238370&dest_type=city&group_adults=1&req_adults=1&no_rooms=1&group_children=0&req_children=0&hpos=3&hapos=3&sr_order=popularity&srpvid=95dbe8d72501e41c2be6173636705471&srepoch=1768373566&all_sr_blocks=107617201_195287779_1_2_0&highlighted_blocks=107617201_195287779_1_2_0&matching_block_id=107617201_195287779_1_2_0&sr_pri_blocks=107617201_195287779_1_2_0__779&from=searchresults
Nooit Gedacht Holiday Resort Unawatuna,,Unawatuna,4.0,8.7,8.7,200.0,550 m from beach,True,,Standard Double Room,1 extra-large double bed,,,Only 2 rooms left at this price on our site,Fri 23 Jan - Sat 24 Jan,"1 night, 1 adult",,"LKR 8,362",Includes taxes and charges,https://www.booking.com/hotel/lk/nooit-gedacht-holiday-resort.en-gb.html?label=gen173nr-10CAEoggI46AdIM1gEaIUBiAEBmAEzuAEXyAEM2AED6AEB-AEBiAIBqAIBuAKR-pzLBsACAdICJDUzNDcxMzBmLTQyNDUtNDBjZC1hNTczLWZmOTRhODk0NDUyMdgCAeACAQ&aid=304142&ucfs=1&arphpl=1&checkin=2026-01-23&checkout=2026-01-24&dest_id=-2238370&dest_type=city&group_adults=1&req_adults=1&no_rooms=1&group_children=0&req_children=0&hpos=4&hapos=4&sr_order=popularity&srpvid=95dbe8d72501e41c2be6173636705471&srepoch=1768373566&all_sr_blocks=67729801_351410215_1_0_0&highlighted_blocks=67729801_351410215_1_0_0&matching_block_id=67729801_351410215_1_0_0&sr_pri_blocks=67729801_351410215_1_0_0__2705&from=searchresults
Lara's place,,Unawatuna,4.0,9.5,9.5,0.9,350 m from beach,True,,Standard Double Room,1 double bed,,,Only 1 room left at this price on our site,Fri 27 Mar - Sat 28 Mar,"1 night, 1 adult","LKR 23,877","LKR 17,908",Includes taxes and charges,https://www.booking.com/hotel/lk/laras-place.en-gb.html?label=gen173nr-10CAEoggI46AdIM1gEaIUBiAEBmAEzuAEXyAEM2AED6AEB-AEBiAIBqAIBuAKR-pzLBsACAdICJDUzNDcxMzBmLTQyNDUtNDBjZC1hNTczLWZmOTRhODk0NDUyMdgCAeACAQ&aid=304142&ucfs=1&arphpl=1&checkin=2026-03-27&checkout=2026-03-28&dest_id=-2238370&dest_type=city&group_adults=1&req_adults=1&no_rooms=1&group_children=0&req_children=0&hpos=5&hapos=5&sr_order=popularity&srpvid=95dbe8d72501e41c2be6173636705471&srepoch=1768373566&all_sr_blocks=80132402_390770084_1_1_0&highlighted_blocks=80132402_390770084_1_1_0&matching_block_id=80132402_390770084_1_1_0&sr_pri_blocks=80132402_390770084_1_1_0__5793&from=searchresults
Dunes Unawatuna Hotel,,Unawatuna,3.0,9.1,9.1,0.6,250 m from beach,True,,Single Room with Balcony,1 single bed,,,,Fri 23 Jan - Sat 24 Jan,"1 night, 1 adult",,"LKR 18,306",Includes taxes and charges,https://www.booking.com/hotel/lk/dunes-unawatuna.en-gb.html?label=gen173nr-10CAEoggI46AdIM1gEaIUBiAEBmAEzuAEXyAEM2AED6AEB-AEBiAIBqAIBuAKR-pzLBsACAdICJDUzNDcxMzBmLTQyNDUtNDBjZC1hNTczLWZmOTRhODk0NDUyMdgCAeACAQ&aid=304142&ucfs=1&arphpl=1&checkin=2026-01-23&checkout=2026-01-24&dest_id=-2238370&dest_type=city&group_adults=1&req_adults=1&no_rooms=1&group_children=0&req_children=0&hpos=6&hapos=6&sr_order=popularity&srpvid=95dbe8d72501e41c2be6173636705471&srepoch=1768373566&all_sr_blocks=63642406_0_1_0_0&highlighted_blocks=63642406_0_1_0_0&matching_block_id=63642406_0_1_0_0&sr_pri_blocks=63642406_0_1_0_0__5922&from=searchresults
Camellia Unawatuna,,Unawatuna,,9.6,9.6,0.6,950 m from beach,,,Standard Double Room with Fan,1 double bed,,,Only 1 room left at this price on our site,Fri 13 Mar - Sat 14 Mar,"1 night, 1 adult",,"LKR 3,904",+LKR 429 taxes and charges,https://www.booking.com/hotel/lk/camellia-unawatuna.en-gb.html?label=gen173nr-10CAEoggI46AdIM1gEaIUBiAEBmAEzuAEXyAEM2AED6AEB-AEBiAIBqAIBuAKR-pzLBsACAdICJDUzNDcxMzBmLTQyNDUtNDBjZC1hNTczLWZmOTRhODk0NDUyMdgCAeACAQ&aid=304142&ucfs=1&arphpl=1&checkin=2026-03-13&checkout=2026-03-14&dest_id=-2238370&dest_type=city&group_adults=1&req_adults=1&no_rooms=1&group_children=0&req_children=0&hpos=7&hapos=7&sr_order=popularity&srpvid=95dbe8d72501e41c2be6173636705471&srepoch=1768373566&all_sr_blocks=1357562904_409034021_1_0_0&highlighted_blocks=1357562904_409034021_1_0_0&matching_block_id=1357562904_409034021_1_0_0&sr_pri_blocks=1357562904_409034021_1_0_0__1263&from=searchresults
Dev House,,Unawatuna,,9.3,9.3,350.0,450 m from beach,,,Double Room with Balcony,1 large double bed,,,Only 1 room left at this price on our site,Fri 20 Mar - Sat 21 Mar,"1 night, 1 adult",,"LKR 4,019",+LKR 442 taxes and charges,https://www.booking.com/hotel/lk/dev-house-unawatuna1.en-gb.html?label=gen173nr-10CAEoggI46AdIM1gEaIUBiAEBmAEzuAEXyAEM2AED6AEB-AEBiAIBqAIBuAKR-pzLBsACAdICJDUzNDcxMzBmLTQyNDUtNDBjZC1hNTczLWZmOTRhODk0NDUyMdgCAeACAQ&aid=304142&ucfs=1&arphpl=1&checkin=2026-03-20&checkout=2026-03-21&dest_id=-2238370&dest_type=city&group_adults=1&req_adults=1&no_rooms=1&group_children=0&req_children=0&hpos=8&hapos=8&sr_order=popularity&srpvid=95dbe8d72501e41c2be6173636705471&srepoch=1768373566&all_sr_blocks=1092080401_399386118_2_0_0&highlighted_blocks=1092080401_399386118_2_0_0&matching_block_id=1092080401_399386118_2_0_0&sr_pri_blocks=1092080401_399386118_2_0_0__1300&from=searchresults
Epic Unawatuna,,Unawatuna,,8.8,8.8,1.0,100 m from beach,True,,Deluxe Queen Room,1 extra-large double bed,,,Only 1 room left at this price on our site,Fri 13 Mar - Sat 14 Mar,"1 night, 1 adult",,"LKR 18,393","+LKR 1,839 taxes and charges",https://www.booking.com/hotel/lk/epic-unawatuna.en-gb.html?label=gen173nr-10CAEoggI46AdIM1gEaIUBiAEBmAEzuAEXyAEM2AED6AEB-AEBiAIBqAIBuAKR-pzLBsACAdICJDUzNDcxMzBmLTQyNDUtNDBjZC1hNTczLWZmOTRhODk0NDUyMdgCAeACAQ&aid=304142&ucfs=1&arphpl=1&checkin=2026-03-13&checkout=2026-03-14&dest_id=-2238370&dest_type=city&group_adults=1&req_adults=1&no_rooms=1&group_children=0&req_children=0&hpos=9&hapos=9&sr_order=popularity&srpvid=95dbe8d72501e41c2be6173636705471&srepoch=1768373566&all_sr_blocks=252956903_208164138_0_42_0&highlighted_blocks=252956903_208164138_0_42_0&matching_block_id=252956903_208164138_0_42_0&sr_pri_blocks=252956903_208164138_0_42_0__5950&from=searchresults
White Flower Guest,,Unawatuna,,10.0,10,1.0,50 m from beach,,Early 2026 Deal,Budget Double Room,1 large double bed,,,Only 1 room left at this price on our site,Fri 16 Jan - Sat 17 Jan,"1 night, 1 adult","LKR 8,965","LKR 7,172",+LKR 789 taxes and charges,https://www.booking.com/hotel/lk/white-flower-guest.en-gb.html?label=gen173nr-10CAEoggI46AdIM1gEaIUBiAEBmAEzuAEXyAEM2AED6AEB-AEBiAIBqAIBuAKR-pzLBsACAdICJDUzNDcxMzBmLTQyNDUtNDBjZC1hNTczLWZmOTRhODk0NDUyMdgCAeACAQ&aid=304142&ucfs=1&arphpl=1&checkin=2026-01-16&checkout=2026-01-17&dest_id=-2238370&dest_type=city&group_adults=1&req_adults=1&no_rooms=1&group_children=0&req_children=0&hpos=10&hapos=10&sr_order=popularity&srpvid=95dbe8d72501e41c2be6173636705471&srepoch=1768373566&all_sr_blocks=1540298504_425436452_2_0_0&highlighted_blocks=1540298504_425436452_2_0_0&matching_block_id=1540298504_425436452_2_0_0&sr_pri_blocks=1540298504_425436452_2_0_0__2320&from=searchresults
Thaproban Beach House,,Unawatuna,3.0,8.3,8.3,1.0,,True,,Deluxe Double Room,1 large double bed,,,,Fri 13 Feb - Sat 14 Feb,"1 night, 1 adult",,"LKR 23,537","+LKR 4,473 taxes and charges",https://www.booking.com/hotel/lk/thaprobane-beach-house.en-gb.html?label=gen173nr-10CAEoggI46AdIM1gEaIUBiAEBmAEzuAEXyAEM2AED6AEB-AEBiAIBqAIBuAKR-pzLBsACAdICJDUzNDcxMzBmLTQyNDUtNDBjZC1hNTczLWZmOTRhODk0NDUyMdgCAeACAQ&aid=304142&ucfs=1&arphpl=1&checkin=2026-02-13&checkout=2026-02-14&dest_id=-2238370&dest_type=city&group_adults=1&req_adults=1&no_rooms=1&group_children=0&req_children=0&hpos=11&hapos=11&sr_order=popularity&srpvid=95dbe8d72501e41c2be6173636705471&srepoch=1768373566&all_sr_blocks=34244502_0_1_0_0&highlighted_blocks=34244502_0_1_0_0&matching_block_id=34244502_0_1_0_0&sr_pri_blocks=34244502_0_1_0_0__7614&from=searchresults
Green Villa Unawatuna,,Unawatuna,4.0,9.1,9.1,500.0,350 m from beach,True,,Deluxe Double Room,1 extra-large double bed,,,Only 2 rooms left at this price on our site,Fri 16 Jan - Sat 17 Jan,"1 night, 1 adult","LKR 18,084","LKR 16,275",Includes taxes and charges,https://www.booking.com/hotel/lk/green-villa-unawatuna.en-gb.html?label=gen173nr-10CAEoggI46AdIM1gEaIUBiAEBmAEzuAEXyAEM2AED6AEB-AEBiAIBqAIBuAKR-pzLBsACAdICJDUzNDcxMzBmLTQyNDUtNDBjZC1hNTczLWZmOTRhODk0NDUyMdgCAeACAQ&aid=304142&ucfs=1&arphpl=1&checkin=2026-01-16&checkout=2026-01-17&dest_id=-2238370&dest_type=city&group_adults=1&req_adults=1&no_rooms=1&group_children=0&req_children=0&hpos=12&hapos=12&sr_order=popularity&srpvid=95dbe8d72501e41c2be6173636705471&srepoch=1768373566&all_sr_blocks=117133902_388142804_2_2_0&highlighted_blocks=117133902_388142804_2_2_0&matching_block_id=117133902_388142804_2_2_0&sr_pri_blocks=117133902_388142804_2_2_0__5265&from=searchresults
Villa Ok,,Unawatuna,3.0,9.4,9.4,150.0,950 m from beach,,,Standard Single Room,1 single bed,,,Only 1 room left at this price on our site,Fri 6 Mar - Sat 7 Mar,"1 night, 1 adult",,"LKR 6,183",Includes taxes and charges,https://www.booking.com/hotel/lk/villa-ok-unawatuna.en-gb.html?label=gen173nr-10CAEoggI46AdIM1gEaIUBiAEBmAEzuAEXyAEM2AED6AEB-AEBiAIBqAIBuAKR-pzLBsACAdICJDUzNDcxMzBmLTQyNDUtNDBjZC1hNTczLWZmOTRhODk0NDUyMdgCAeACAQ&aid=304142&ucfs=1&arphpl=1&checkin=2026-03-06&checkout=2026-03-07&dest_id=-2238370&dest_type=city&group_adults=1&req_adults=1&no_rooms=1&group_children=0&req_children=0&hpos=13&hapos=13&sr_order=popularity&srpvid=95dbe8d72501e41c2be6173636705471&srepoch=1768373566&all_sr_blocks=263176702_106176739_1_1_0&highlighted_blocks=263176702_106176739_1_1_0&matching_block_id=263176702_106176739_1_1_0&sr_pri_blocks=263176702_106176739_1_1_0__2000&from=searchresults
Asantha Guest House,,Unawatuna,3.0,7.9,7.9,0.6,150 m from beach,True,,Budget Double Room,1 double bed,,,Only 5 rooms left at this price on our site,Fri 16 Jan - Sat 17 Jan,"1 night, 1 adult",,"LKR 5,255",Includes taxes and charges,https://www.booking.com/hotel/lk/asantha-guest-house-galle2.en-gb.html?label=gen173nr-10CAEoggI46AdIM1gEaIUBiAEBmAEzuAEXyAEM2AED6AEB-AEBiAIBqAIBuAKR-pzLBsACAdICJDUzNDcxMzBmLTQyNDUtNDBjZC1hNTczLWZmOTRhODk0NDUyMdgCAeACAQ&aid=304142&ucfs=1&arphpl=1&checkin=2026-01-16&checkout=2026-01-17&dest_id=-2238370&dest_type=city&group_adults=1&req_adults=1&no_rooms=1&group_children=0&req_children=0&hpos=14&hapos=14&sr_order=popularity&srpvid=95dbe8d72501e41c2be6173636705471&srepoch=1768373566&all_sr_blocks=144763607_364903783_0_2_0&highlighted_blocks=144763607_364903783_0_2_0&matching_block_id=144763607_364903783_0_2_0&sr_pri_blocks=144763607_364903783_0_2_0__1700&from=searchresults
Kapaliya Unawatuna,,Unawatuna,4.0,9.2,9.2,0.6,400 m from beach,True,,Double Room with Balcony and Sea View,1 extra-large double bed,,,Only 1 room left at this price on our site,Fri 6 Feb - Sat 7 Feb,"1 night, 1 adult",,"LKR 11,685","+LKR 1,285 taxes and charges",https://www.booking.com/hotel/lk/kapalia-unawatuna.en-gb.html?label=gen173nr-10CAEoggI46AdIM1gEaIUBiAEBmAEzuAEXyAEM2AED6AEB-AEBiAIBqAIBuAKR-pzLBsACAdICJDUzNDcxMzBmLTQyNDUtNDBjZC1hNTczLWZmOTRhODk0NDUyMdgCAeACAQ&aid=304142&ucfs=1&arphpl=1&checkin=2026-02-06&checkout=2026-02-07&dest_id=-2238370&dest_type=city&group_adults=1&req_adults=1&no_rooms=1&group_children=0&req_children=0&hpos=15&hapos=15&sr_order=popularity&srpvid=95dbe8d72501e41c2be6173636705471&srepoch=1768373566&all_sr_blocks=953074202_367865745_2_2_0&highlighted_blocks=953074202_367865745_2_2_0&matching_block_id=953074202_367865745_2_2_0&sr_pri_blocks=953074202_367865745_2_2_0__3780&from=searchresults
Sooriya villa,,Unawatuna,3.0,8.9,8.9,2.8,,,,Deluxe Double Room with Sea View,1 large double bed,,,Only 1 room left at this price on our site,Fri 23 Jan - Sat 24 Jan,"1 night, 1 adult",,"LKR 13,911","+LKR 2,921 taxes and charges",https://www.booking.com/hotel/lk/sooriya-villa-galle.en-gb.html?label=gen173nr-10CAEoggI46AdIM1gEaIUBiAEBmAEzuAEXyAEM2AED6AEB-AEBiAIBqAIBuAKR-pzLBsACAdICJDUzNDcxMzBmLTQyNDUtNDBjZC1hNTczLWZmOTRhODk0NDUyMdgCAeACAQ&aid=304142&ucfs=1&arphpl=1&checkin=2026-01-23&checkout=2026-01-24&dest_id=-2238370&dest_type=city&group_adults=1&req_adults=1&no_rooms=1&group_children=0&req_children=0&hpos=16&hapos=16&sr_order=popularity&srpvid=95dbe8d72501e41c2be6173636705471&srepoch=1768373566&all_sr_blocks=1262833101_399112586_0_1_0&highlighted_blocks=1262833101_399112586_0_1_0&matching_block_id=1262833101_399112586_0_1_0&sr_pri_blocks=1262833101_399112586_0_1_0__4500&from=searchresults
Hotel Flower Garden,,Unawatuna,4.0,7.5,7.5,350.0,450 m from beach,True,,Deluxe Double Room,1 double bed,,,Only 1 room left at this price on our site,Fri 6 Feb - Sat 7 Feb,"1 night, 1 adult",,"LKR 18,548","+LKR 1,855 taxes and charges",https://www.booking.com/hotel/lk/flower-garden.en-gb.html?label=gen173nr-10CAEoggI46AdIM1gEaIUBiAEBmAEzuAEXyAEM2AED6AEB-AEBiAIBqAIBuAKR-pzLBsACAdICJDUzNDcxMzBmLTQyNDUtNDBjZC1hNTczLWZmOTRhODk0NDUyMdgCAeACAQ&aid=304142&ucfs=1&arphpl=1&checkin=2026-02-06&checkout=2026-02-07&dest_id=-2238370&dest_type=city&group_adults=1&req_adults=1&no_rooms=1&group_children=0&req_children=0&hpos=17&hapos=17&sr_order=popularity&srpvid=95dbe8d72501e41c2be6173636705471&srepoch=1768373566&all_sr_blocks=48784101_277278243_2_33_0&highlighted_blocks=48784101_277278243_2_33_0&matching_block_id=48784101_277278243_2_33_0&sr_pri_blocks=48784101_277278243_2_33_0__6000&from=searchresults
Urchin Unawatuna,,Unawatuna,,8.4,8.4,1.0,150 m from beach,True,,Deluxe Double Room,1 large double bed,,,Only 3 rooms left at this price on our site,Fri 6 Mar - Sat 7 Mar,"1 night, 1 adult",,"LKR 11,747","+LKR 2,114 taxes and charges",https://www.booking.com/hotel/lk/urchin-hostel.en-gb.html?label=gen173nr-10CAEoggI46AdIM1gEaIUBiAEBmAEzuAEXyAEM2AED6AEB-AEBiAIBqAIBuAKR-pzLBsACAdICJDUzNDcxMzBmLTQyNDUtNDBjZC1hNTczLWZmOTRhODk0NDUyMdgCAeACAQ&aid=304142&ucfs=1&arphpl=1&checkin=2026-03-06&checkout=2026-03-07&dest_id=-2238370&dest_type=city&group_adults=1&req_adults=1&no_rooms=1&group_children=0&req_children=0&hpos=18&hapos=18&sr_order=popularity&srpvid=95dbe8d72501e41c2be6173636705471&srepoch=1768373566&all_sr_blocks=561585601_265552093_2_2_0&highlighted_blocks=561585601_265552093_2_2_0&matching_block_id=561585601_265552093_2_2_0&sr_pri_blocks=561585601_265552093_2_2_0__3800&from=searchresults
Peacock Beach Hotel Unawatuna,,Unawatuna,3.0,7.1,7.1,0.8,,True,,Deluxe Double Room with Side Sea View,1 double bed,,,Only 1 room left at this price on our site,Fri 16 Jan - Sat 17 Jan,"1 night, 1 adult",,"LKR 18,084",Includes taxes and charges,https://www.booking.com/hotel/lk/peacock.en-gb.html?label=gen173nr-10CAEoggI46AdIM1gEaIUBiAEBmAEzuAEXyAEM2AED6AEB-AEBiAIBqAIBuAKR-pzLBsACAdICJDUzNDcxMzBmLTQyNDUtNDBjZC1hNTczLWZmOTRhODk0NDUyMdgCAeACAQ&aid=304142&ucfs=1&arphpl=1&checkin=2026-01-16&checkout=2026-01-17&dest_id=-2238370&dest_type=city&group_adults=1&req_adults=1&no_rooms=1&group_children=0&req_children=0&hpos=19&hapos=19&sr_order=popularity&srpvid=95dbe8d72501e41c2be6173636705471&srepoch=1768373566&all_sr_blocks=67192409_309101450_0_10_0&highlighted_blocks=67192409_309101450_0_10_0&matching_block_id=67192409_309101450_0_10_0&sr_pri_blocks=67192409_309101450_0_10_0__5850&from=searchresults
Green Escape Unawatuna,,Unawatuna,4.0,9.1,9.1,1.4,1.1 km from beach,True,,Double or Twin Room,2 single beds,,,Only 2 rooms left at this price on our site,Fri 13 Mar - Sat 14 Mar,"1 night, 1 adult",,"LKR 23,787","+LKR 2,379 taxes and charges",https://www.booking.com/hotel/lk/green-escape-unawatuna.en-gb.html?label=gen173nr-10CAEoggI46AdIM1gEaIUBiAEBmAEzuAEXyAEM2AED6AEB-AEBiAIBqAIBuAKR-pzLBsACAdICJDUzNDcxMzBmLTQyNDUtNDBjZC1hNTczLWZmOTRhODk0NDUyMdgCAeACAQ&aid=304142&ucfs=1&arphpl=1&checkin=2026-03-13&checkout=2026-03-14&dest_id=-2238370&dest_type=city&group_adults=1&req_adults=1&no_rooms=1&group_children=0&req_children=0&hpos=20&hapos=20&sr_order=popularity&srpvid=95dbe8d72501e41c2be6173636705471&srepoch=1768373566&all_sr_blocks=788384903_338414013_0_1_0&highlighted_blocks=788384903_338414013_0_1_0&matching_block_id=788384903_338414013_0_1_0&sr_pri_blocks=788384903_338414013_0_1_0__7695&from=searchresults
Secret Garden Villa - Unawatuna,,Unawatuna,1.0,8.6,8.6,0.9,,True,,Economy Twin Room,2 single beds,,,Only 1 room left at this price on our site,Fri 6 Mar - Sat 7 Mar,"1 night, 1 adult",,"LKR 20,093","+LKR 2,009 taxes and charges",https://www.booking.com/hotel/lk/secretgarden-villa.en-gb.html?label=gen173nr-10CAEoggI46AdIM1gEaIUBiAEBmAEzuAEXyAEM2AED6AEB-AEBiAIBqAIBuAKR-pzLBsACAdICJDUzNDcxMzBmLTQyNDUtNDBjZC1hNTczLWZmOTRhODk0NDUyMdgCAeACAQ&aid=304142&ucfs=1&arphpl=1&checkin=2026-03-06&checkout=2026-03-07&dest_id=-2238370&dest_type=city&group_adults=1&req_adults=1&no_rooms=1&group_children=0&req_children=0&hpos=21&hapos=21&sr_order=popularity&srpvid=95dbe8d72501e41c2be6173636705471&srepoch=1768373566&all_sr_blocks=116544604_402009437_2_1_0&highlighted_blocks=116544604_402009437_2_1_0&matching_block_id=116544604_402009437_2_1_0&sr_pri_blocks=116544604_402009437_2_1_0__6500&from=searchresults
The Emerald Guest House & Villa,,Unawatuna,3.0,8.4,8.4,0.6,200 m from beach,,,Double Room with Private Bathroom,1 large double bed,,,Only 1 room left at this price on our site,Fri 6 Feb - Sat 7 Feb,"1 night, 1 adult",,"LKR 4,019",+LKR 442 taxes and charges,https://www.booking.com/hotel/lk/the-emerald-guest-house-amp-villa.en-gb.html?label=gen173nr-10CAEoggI46AdIM1gEaIUBiAEBmAEzuAEXyAEM2AED6AEB-AEBiAIBqAIBuAKR-pzLBsACAdICJDUzNDcxMzBmLTQyNDUtNDBjZC1hNTczLWZmOTRhODk0NDUyMdgCAeACAQ&aid=304142&ucfs=1&arphpl=1&checkin=2026-02-06&checkout=2026-02-07&dest_id=-2238370&dest_type=city&group_adults=1&req_adults=1&no_rooms=1&group_children=0&req_children=0&hpos=22&hapos=22&sr_order=popularity&srpvid=95dbe8d72501e41c2be6173636705471&srepoch=1768373566&all_sr_blocks=1050761405_384839623_2_2_0&highlighted_blocks=1050761405_384839623_2_2_0&matching_block_id=1050761405_384839623_2_2_0&sr_pri_blocks=1050761405_384839623_2_2_0__1300&from=searchresults
Thaproban Pavilion Waves,,Unawatuna,4.0,8.0,8.0,1.4,,True,,Queen Room,1 large double bed,,,Only 2 rooms left at this price on our site,Fri 23 Jan - Sat 24 Jan,"1 night, 1 adult",,"LKR 39,645","+LKR 7,604 taxes and charges",https://www.booking.com/hotel/lk/thaproban-pavilion-waves.en-gb.html?label=gen173nr-10CAEoggI46AdIM1gEaIUBiAEBmAEzuAEXyAEM2AED6AEB-AEBiAIBqAIBuAKR-pzLBsACAdICJDUzNDcxMzBmLTQyNDUtNDBjZC1hNTczLWZmOTRhODk0NDUyMdgCAeACAQ&aid=304142&ucfs=1&arphpl=1&checkin=2026-01-23&checkout=2026-01-24&dest_id=-2238370&dest_type=city&group_adults=1&req_adults=1&no_rooms=1&group_children=0&req_children=0&hpos=23&hapos=23&sr_order=popularity&srpvid=95dbe8d72501e41c2be6173636705471&srepoch=1768373566&all_sr_blocks=275606201_195224156_2_42_0_1143793&highlighted_blocks=275606201_195224156_2_42_0_1143793&matching_block_id=275606201_195224156_2_42_0_1143793&sr_pri_blocks=275606201_195224156_2_42_0_1143793_12825&from=searchresults
sahasna (one bedroom private villa),,Unawatuna,4.0,9.4,9.4,2.0,350 m from beach,,,One-Bedroom Villa,Entire villa • 1 bedroom • 1 bathroom • 1 kitchen • 70 m²,,,,Fri 30 Jan - Sat 31 Jan,"1 night, 1 adult",,"LKR 9,215",Includes taxes and charges,https://www.booking.com/hotel/lk/sahasna-one-bedroom-private-villa.en-gb.html?label=gen173nr-10CAEoggI46AdIM1gEaIUBiAEBmAEzuAEXyAEM2AED6AEB-AEBiAIBqAIBuAKR-pzLBsACAdICJDUzNDcxMzBmLTQyNDUtNDBjZC1hNTczLWZmOTRhODk0NDUyMdgCAeACAQ&aid=304142&ucfs=1&arphpl=1&checkin=2026-01-30&checkout=2026-01-31&dest_id=-2238370&dest_type=city&group_adults=1&req_adults=1&no_rooms=1&group_children=0&req_children=0&hpos=24&hapos=24&sr_order=popularity&srpvid=95dbe8d72501e41c2be6173636705471&srepoch=1768373566&all_sr_blocks=812406101_343542864_1_1_0&highlighted_blocks=812406101_343542864_1_1_0&matching_block_id=812406101_343542864_1_1_0&sr_pri_blocks=812406101_343542864_1_1_0__2981&from=searchresults
The Emerald Hills Unawatuna,,Unawatuna,,,,0.6,300 m from beach,,,Comfort Triple Room,"2 beds (1 single, 1 extra-large double)",,,Only 1 room left at this price on our site,Fri 16 Jan - Sat 17 Jan,"1 night, 1 adult",,"LKR 4,730",+LKR 520 taxes and charges,https://www.booking.com/hotel/lk/the-emerald-hills-unawatuna.en-gb.html?label=gen173nr-10CAEoggI46AdIM1gEaIUBiAEBmAEzuAEXyAEM2AED6AEB-AEBiAIBqAIBuAKR-pzLBsACAdICJDUzNDcxMzBmLTQyNDUtNDBjZC1hNTczLWZmOTRhODk0NDUyMdgCAeACAQ&aid=304142&ucfs=1&arphpl=1&checkin=2026-01-16&checkout=2026-01-17&dest_id=-2238370&dest_type=city&group_adults=1&req_adults=1&no_rooms=1&group_children=0&req_children=0&hpos=25&hapos=25&sr_order=popularity&srpvid=95dbe8d72501e41c2be6173636705471&srepoch=1768373566&all_sr_blocks=1543716902_425710266_0_0_0&highlighted_blocks=1543716902_425710266_0_0_0&matching_block_id=1543716902_425710266_0_0_0&sr_pri_blocks=1543716902_425710266_0_0_0__1530&from=searchresults
Unawatuna Nor Lanka Hotel,,Unawatuna,3.0,9.1,9.1,0.6,200 m from beach,True,,Deluxe Double Room,1 large double bed,,,Only 2 rooms left at this price on our site,Fri 16 Jan - Sat 17 Jan,"1 night, 1 adult",,"LKR 27,203",Includes taxes and charges,https://www.booking.com/hotel/lk/norlanka-unawatuna.en-gb.html?label=gen173nr-10CAEoggI46AdIM1gEaIUBiAEBmAEzuAEXyAEM2AED6AEB-AEBiAIBqAIBuAKR-pzLBsACAdICJDUzNDcxMzBmLTQyNDUtNDBjZC1hNTczLWZmOTRhODk0NDUyMdgCAeACAQ&aid=304142&ucfs=1&arphpl=1&checkin=2026-01-16&checkout=2026-01-17&dest_id=-2238370&dest_type=city&group_adults=1&req_adults=1&no_rooms=1&group_children=0&req_children=0&hpos=1&hapos=45&sr_order=popularity&srpvid=95dbe8d72501e41c2be6173636705471&srepoch=1768373566&all_sr_blocks=117691502_336420980_1_41_0_275373&highlighted_blocks=117691502_336420980_1_41_0_275373&matching_block_id=117691502_336420980_1_41_0_275373&sr_pri_blocks=117691502_336420980_1_41_0_275373_8800&from=searchresults
Lavendish Beach Resort,,Unawatuna,4.0,8.1,8.1,1.1,100 m from beach,True,,Deluxe Twin Room,Multiple bed types,,,Only 3 rooms left at this price on our site,Fri 16 Jan - Sat 17 Jan,"1 night, 1 adult",,"LKR 27,821","+LKR 3,060 taxes and charges",https://www.booking.com/hotel/lk/lavendish-beach-resort.en-gb.html?label=gen173nr-10CAEoggI46AdIM1gEaIUBiAEBmAEzuAEXyAEM2AED6AEB-AEBiAIBqAIBuAKR-pzLBsACAdICJDUzNDcxMzBmLTQyNDUtNDBjZC1hNTczLWZmOTRhODk0NDUyMdgCAeACAQ&aid=304142&ucfs=1&arphpl=1&checkin=2026-01-16&checkout=2026-01-17&dest_id=-2238370&dest_type=city&group_adults=1&req_adults=1&no_rooms=1&group_children=0&req_children=0&hpos=2&hapos=46&sr_order=popularity&srpvid=95dbe8d72501e41c2be6173636705471&srepoch=1768373566&all_sr_blocks=1313729904_404141649_1_1_0&highlighted_blocks=1313729904_404141649_1_1_0&matching_block_id=1313729904_404141649_1_1_0&sr_pri_blocks=1313729904_404141649_1_1_0__9000&from=searchresults
Dunlin Villa,,Unawatuna,,,,1.0,100 m from beach,,,Deluxe Room,1 extra-large double bed,,,Only 2 rooms left at this price on our site,Fri 16 Jan - Sat 17 Jan,"1 night, 1 adult",,"LKR 15,456","+LKR 1,700 taxes and charges",https://www.booking.com/hotel/lk/dunlin-villa.en-gb.html?label=gen173nr-10CAEoggI46AdIM1gEaIUBiAEBmAEzuAEXyAEM2AED6AEB-AEBiAIBqAIBuAKR-pzLBsACAdICJDUzNDcxMzBmLTQyNDUtNDBjZC1hNTczLWZmOTRhODk0NDUyMdgCAeACAQ&aid=304142&ucfs=1&arphpl=1&checkin=2026-01-16&checkout=2026-01-17&dest_id=-2238370&dest_type=city&group_adults=1&req_adults=1&no_rooms=1&group_children=0&req_children=0&hpos=3&hapos=47&sr_order=popularity&srpvid=95dbe8d72501e41c2be6173636705471&srepoch=1768373566&all_sr_blocks=1556401801_426775518_2_1_0&highlighted_blocks=1556401801_426775518_2_1_0&matching_block_id=1556401801_426775518_2_1_0&sr_pri_blocks=1556401801_426775518_2_1_0__5000&from=searchresults
Hiding Unawatuna,,Unawatuna,,8.9,8.9,0.8,50 m from beach,,,Apartment,Entire apartment • 1 bedroom • 1 bathroom • 1 kitchen • 93 m²,,,Only 1 left at this price on our site,Fri 16 Jan - Sat 17 Jan,"1 night, 1 adult",,"LKR 30,913","+LKR 3,400 taxes and charges",https://www.booking.com/hotel/lk/hide-inn.en-gb.html?label=gen173nr-10CAEoggI46AdIM1gEaIUBiAEBmAEzuAEXyAEM2AED6AEB-AEBiAIBqAIBuAKR-pzLBsACAdICJDUzNDcxMzBmLTQyNDUtNDBjZC1hNTczLWZmOTRhODk0NDUyMdgCAeACAQ&aid=304142&ucfs=1&arphpl=1&checkin=2026-01-16&checkout=2026-01-17&dest_id=-2238370&dest_type=city&group_adults=1&req_adults=1&no_rooms=1&group_children=0&req_children=0&hpos=4&hapos=48&sr_order=popularity&srpvid=95dbe8d72501e41c2be6173636705471&srepoch=1768373566&all_sr_blocks=1282337804_401154245_2_1_0&highlighted_blocks=1282337804_401154245_2_1_0&matching_block_id=1282337804_401154245_2_1_0&sr_pri_blocks=1282337804_401154245_2_1_0__10000&from=searchresults
JJ JungleJoy Villa,,Unawatuna,4.0,9.8,9.8,1.3,500 m from beach,,,Deluxe Apartment,Entire apartment • 1 bedroom • 1 living room • 1 bathroom • 50 m²,,,Only 1 left at this price on our site,Fri 23 Jan - Sat 24 Jan,"1 night, 1 adult",,"LKR 32,458","+LKR 3,570 taxes and charges",https://www.booking.com/hotel/lk/jj-junglejoy-villa.en-gb.html?label=gen173nr-10CAEoggI46AdIM1gEaIUBiAEBmAEzuAEXyAEM2AED6AEB-AEBiAIBqAIBuAKR-pzLBsACAdICJDUzNDcxMzBmLTQyNDUtNDBjZC1hNTczLWZmOTRhODk0NDUyMdgCAeACAQ&aid=304142&ucfs=1&arphpl=1&checkin=2026-01-23&checkout=2026-01-24&dest_id=-2238370&dest_type=city&group_adults=1&req_adults=1&no_rooms=1&group_children=0&req_children=0&hpos=5&hapos=49&sr_order=popularity&srpvid=95dbe8d72501e41c2be6173636705471&srepoch=1768373566&all_sr_blocks=795049606_339589616_2_0_0&highlighted_blocks=795049606_339589616_2_0_0&matching_block_id=795049606_339589616_2_0_0&sr_pri_blocks=795049606_339589616_2_0_0__10500&from=searchresults
Sevonra Beach Resort,,Unawatuna,4.0,8.5,8.5,1.6,,True,,Family Room with Sea View,"3 beds (1 double, 2 sofa beds)",,,Only 3 rooms left at this price on our site,Fri 6 Feb - Sat 7 Feb,"1 night, 1 adult",,"LKR 30,140","+LKR 3,315 taxes and charges",https://www.booking.com/hotel/lk/sevonra-beach-resort.en-gb.html?label=gen173nr-10CAEoggI46AdIM1gEaIUBiAEBmAEzuAEXyAEM2AED6AEB-AEBiAIBqAIBuAKR-pzLBsACAdICJDUzNDcxMzBmLTQyNDUtNDBjZC1hNTczLWZmOTRhODk0NDUyMdgCAeACAQ&aid=304142&ucfs=1&arphpl=1&checkin=2026-02-06&checkout=2026-02-07&dest_id=-2238370&dest_type=city&group_adults=1&req_adults=1&no_rooms=1&group_children=0&req_children=0&hpos=6&hapos=50&sr_order=popularity&srpvid=95dbe8d72501e41c2be6173636705471&srepoch=1768373566&all_sr_blocks=1288687425_401816782_2_1_0_1228849&highlighted_blocks=1288687425_401816782_2_1_0_1228849&matching_block_id=1288687425_401816782_2_1_0_1228849&sr_pri_blocks=1288687425_401816782_2_1_0_1228849_9750&from=searchresults
